[
	{
		"title": "authentic-hungarian-goulash",              
		"rating": 3.973684,             
		"kcal": 339,             
		"chol": 29.1,             
		"fat": 15.7,                 
		"protein": 5.8,              
		"fiber": 21.8,             
		"sodium": 84,             
		"time": 210,             
		"ning": 10,             
		"ings": "butter;onions, diced;flank steak;caraway seed;dried marjoram;garlic, minced;paprika;water;potatoes, peeled and cubed;salt and pepper to taste",             
		"full_ings": "2 tablespoons|butter;2 large|onions diced;2 pounds|flank steak;1/8 teaspoon|caraway seed;1/4 teaspoon|dried marjoram;1 clove|garlic minced;5 tablespoons|paprika;2 cups|water;4 large|potatoes peeled and cubed;|salt and pepper to taste",             
		"props": "0.0194;0.6206;0.0004;0.0008;0.0485;0.3103",             
		"names": "butter;flank steak;caraway seed;dried marjoram;paprika;water"             
	}, 
	{
		"title": "beef-in-bay-leaf-gravy",              
		"rating": 3.6,             
		"kcal": 620,             
		"chol": 5.7,             
		"fat": 44.4,                 
		"protein": 0.8,              
		"fiber": 47,             
		"sodium": 164,             
		"time": 180,             
		"ning": 9,             
		"ings": "rump roast;carrots, finely chopped;celery, finely chopped;onion, finely chopped;white vinegar;water;bay leaf;salt to taste;sour cream",             
		"full_ings": "4 pounds|rump roast;2|carrots finely chopped;3 stalks|celery finely chopped;1|onion finely chopped;1 cup|white vinegar;2 cups|water;1|bay leaf;|salt to taste;1 16 ounce container|sour cream",             
		"props": "0.7191;0.0899;0.1798;0.0112",             
		"names": "rump roast;white vinegar;water;sour cream"             
	}, 
	{
		"title": "blazing-brisket",              
		"rating": 4.307693,             
		"kcal": 802,             
		"chol": 4.3,             
		"fat": 78.6,                 
		"protein": 0.6,              
		"fiber": 19.1,             
		"sodium": 2172,             
		"time": 240,             
		"ning": 11,             
		"ings": "beef brisket;sliced bacon;brewed coffee;salt;butter;minced garlic;shortening;fatback, sliced into small rectangles;sweet potatoes, quartered;olive oil;prepared horseradish",             
		"full_ings": "5 pounds|beef brisket;2 pounds|sliced bacon;5 cups|brewed coffee;1/4 cup|salt;1 cup|butter;1/2 cup|minced garlic;1/2 cup|shortening;1 pound|fatback sliced into small rectangles;2|sweet potatoes quartered;1 cup|olive oil;2 1/2 tablespoons|prepared horseradish",             
		"props": "0.4097;0.1639;0.2049;0.0102;0.0410;0.0205;0.0205;0.0819;0.0410;0.0064",             
		"names": "beef brisket;sliced bacon;brewed coffee;salt;butter;minced garlic;shortening;fatback sliced into small rectangles;olive oil;prepared horseradish"             
	}, 
	{
		"title": "cabbage-balushka-or-cabbage-and-noodles",              
		"rating": 4.53125,             
		"kcal": 482,             
		"chol": 67,             
		"fat": 18.9,                 
		"protein": 7.8,              
		"fiber": 13.5,             
		"sodium": 226,             
		"time": 10,             
		"ning": 5,             
		"ings": "egg noodles;butter;onion, chopped;cabbage, cored and chopped;salt and ground black pepper to taste",             
		"full_ings": "1 16 ounce package|egg noodles;1/2 cup|butter;1 large|onion chopped;1 head|cabbage cored and chopped;|salt and ground black pepper to taste",             
		"props": "0.2000;0.8000",             
		"names": "egg noodles;butter"             
	}, 
	{
		"title": "chef-johns-beef-goulash",              
		"rating": 4.5,             
		"kcal": 573,             
		"chol": 13.4,             
		"fat": 41.2,                 
		"protein": 2.4,              
		"fiber": 36,             
		"sodium": 1853,             
		"time": 120,             
		"ning": 19,             
		"ings": "boneless beef chuck roast, cut into 2-inch cubes;salt and ground black pepper to taste;vegetable oil;onions, chopped;olive oil;salt;Hungarian paprika;caraway seeds, crushed;freshly ground black pepper;dried marjoram;ground thyme;cayenne pepper;chicken broth, divided;tomato paste;garlic, crushed;balsamic vinegar;white sugar;salt, or to taste;bay leaf",             
		"full_ings": "2 1/2 pounds|boneless beef chuck roast cut into 2-inch cubes;|salt and ground black pepper to taste;2 tablespoons|vegetable oil;2|onions chopped;2 teaspoons|olive oil;1/2 teaspoon|salt;2 tablespoons|Hungarian paprika;2 teaspoons|caraway seeds crushed;1 teaspoon|freshly ground black pepper;1 teaspoon|dried marjoram;1/2 teaspoon|ground thyme;1/2 teaspoon|cayenne pepper;4 cups|chicken broth divided;1/4 cup|tomato paste;3 cloves|garlic crushed;2 tablespoons|balsamic vinegar;1 teaspoon|white sugar;1/2 teaspoon|salt or to taste;1|bay leaf",             
		"props": "0.5096;0.0127;0.0042;0.0011;0.0127;0.0042;0.0021;0.0021;0.0011;0.0011;0.4076;0.0255;0.0127;0.0021;0.0011",             
		"names": "boneless beef chuck roast cut into 2-inch cubes;vegetable oil;olive oil;salt;Hungarian paprika;caraway seeds crushed;freshly ground black pepper;dried marjoram;ground thyme;cayenne pepper;chicken broth divided;tomato paste;balsamic vinegar;white sugar;salt or to taste"             
	}, 
	{
		"title": "chicken-paprikash-ii",              
		"rating": 4.472528,             
		"kcal": 604,             
		"chol": 16,             
		"fat": 39.8,                 
		"protein": 3.8,              
		"fiber": 43.9,             
		"sodium": 747,             
		"time": 75,             
		"ning": 11,             
		"ings": "bacon grease;onion, chopped;garlic, chopped;salt;crushed red pepper flakes;paprika;whole chicken, cut into pieces;water;diced tomatoes;all-purpose flour;sour cream",             
		"full_ings": "2 tablespoons|bacon grease;1 large|onion chopped;3 cloves|garlic chopped;3/4 teaspoon|salt;1 teaspoon|crushed red pepper flakes;3 tablespoons|paprika;1 2 to 3 pound|whole chicken cut into pieces;1 cup|water;1 14.5 ounce can|diced tomatoes;2 tablespoons|all-purpose flour;1 8 ounce container|sour cream",             
		"props": "0.0336;0.0042;0.0056;0.0503;0.5371;0.2685;0.0336;0.0336;0.0336",             
		"names": "bacon grease;salt;crushed red pepper flakes;paprika;whole chicken cut into pieces;water;diced tomatoes;all-purpose flour;sour cream"             
	}, 
	{
		"title": "dobos-torte",              
		"rating": 4.56,             
		"kcal": 242,             
		"chol": 46.2,             
		"fat": 3.7,                 
		"protein": 0.5,              
		"fiber": 6.3,             
		"sodium": 82,             
		"time": 60,             
		"ning": 11,             
		"ings": "egg whites;egg yolks;white sugar;milk;lemon zest;salt;vanilla extract;sifted all-purpose flour;shortening;white sugar;1 recipe Chocolate Buttercream",             
		"full_ings": "9|egg whites;8|egg yolks;1 cup|white sugar;1/4 cup|milk;1 tablespoon|lemon zest;1 pinch|salt;1 1/2 teaspoons|vanilla extract;1 1/2 cups|sifted all-purpose flour;1/2 tablespoon|shortening;1 cup|white sugar;|1 recipe Chocolate Buttercream",             
		"props": "0.2579;0.0645;0.0161;0.0006;0.0081;0.3868;0.0081;0.2579",             
		"names": "white sugar;milk;lemon zest;salt;vanilla extract;sifted all-purpose flour;shortening;white sugar"             
	}, 
	{
		"title": "genevas-ultimate-hungarian-mushroom-soup",              
		"rating": 4.543478,             
		"kcal": 144,             
		"chol": 16.2,             
		"fat": 7,                 
		"protein": 2.8,              
		"fiber": 7,             
		"sodium": 573,             
		"time": 35,             
		"ning": 14,             
		"ings": "unsalted butter;chopped onions;fresh mushrooms, thickly sliced;chopped fresh dill;Hungarian sweet paprika;soy sauce;low-sodium chicken broth;skim milk;all-purpose flour;ripe tomato;Hungarian wax pepper;salt;ground black pepper to taste;light sour cream",             
		"full_ings": "2 tablespoons|unsalted butter;2 cups|chopped onions;1 1/2 pounds|fresh mushrooms thickly sliced;4 1/2 teaspoons|chopped fresh dill;1 tablespoon|Hungarian sweet paprika;1 tablespoon|soy sauce;2 cups|low-sodium chicken broth;1 cup|skim milk;3 tablespoons|all-purpose flour;1/2|ripe tomato;1/2|Hungarian wax pepper;1 teaspoon|salt;|ground black pepper to taste;1/2 cup|light sour cream",             
		"props": "0.0138;0.2209;0.3314;0.0104;0.0069;0.0069;0.2209;0.1105;0.0207;0.0023;0.0552",             
		"names": "unsalted butter;chopped onions;fresh mushrooms thickly sliced;chopped fresh dill;Hungarian sweet paprika;soy sauce;low-sodium chicken broth;skim milk;all-purpose flour;salt;light sour cream"             
	}, 
	{
		"title": "grandma-irenas-palacsinta-hungarian-crepes",              
		"rating": 4.777778,             
		"kcal": 873,             
		"chol": 98.7,             
		"fat": 47.4,                 
		"protein": 5.4,              
		"fiber": 15.1,             
		"sodium": 181,             
		"time": 30,             
		"ning": 18,             
		"ings": "Pancakes:;all-purpose flour;eggs;milk;soda water;vegetable oil;salt;Almond Filling:;chopped almonds;white sugar;milk;vanilla extract;rum;Chocolate Topping:;water;white sugar;chopped bittersweet chocolate;margarine",             
		"full_ings": "|Pancakes:;2 cups|all-purpose flour;2|eggs;1 cup|milk;1 cup|soda water;1/2 cup|vegetable oil;1 pinch|salt;|Almond Filling:;1 cup|chopped almonds;1/2 cup|white sugar;1/4 cup|milk;1/4 teaspoon|vanilla extract;1 1/2 teaspoons|rum;|Chocolate Topping:;1/4 cup|water;1/2 cup|white sugar;1/2 cup|chopped bittersweet chocolate;2 tablespoons|margarine",             
		"props": "0.2610;0.1305;0.1305;0.0652;0.0003;0.1305;0.0652;0.0326;0.0007;0.0041;0.0326;0.0652;0.0652;0.0163",             
		"names": "all-purpose flour;milk;soda water;vegetable oil;salt;chopped almonds;white sugar;milk;vanilla extract;rum;water;white sugar;chopped bittersweet chocolate;margarine"             
	}, 
	{
		"title": "gulaschsuppe",              
		"rating": 3.785714,             
		"kcal": 351,             
		"chol": 15.5,             
		"fat": 20.4,                 
		"protein": 2.5,              
		"fiber": 27.1,             
		"sodium": 1590,             
		"time": 105,             
		"ning": 13,             
		"ings": "vegetable oil;chopped onion;green bell peppers, chopped;tomato paste;lean top sirloin beef - cut into 1 inch cubes;cayenne pepper;paprika;garlic, minced;salt;beef broth;lemon juice;caraway seeds;sour cream",             
		"full_ings": "1/4 cup|vegetable oil;2 cups|chopped onion;3|green bell peppers chopped;3 tablespoons|tomato paste;1 pound|lean top sirloin beef - cut into 1 inch cubes;1 pinch|cayenne pepper;1 teaspoon|paprika;2 cloves|garlic minced;1/2 teaspoon|salt;6 cups|beef broth;1 tablespoon|lemon juice;1/4 teaspoon|caraway seeds;1 cup|sour cream",             
		"props": "0.0217;0.1733;0.0162;0.1733;0.0002;0.0018;0.0009;0.5200;0.0054;0.0005;0.0867",             
		"names": "vegetable oil;chopped onion;tomato paste;lean top sirloin beef - cut into 1 inch cubes;cayenne pepper;paprika;salt;beef broth;lemon juice;caraway seeds;sour cream"             
	}, 
	{
		"title": "gulyas-leves",              
		"rating": 3.857143,             
		"kcal": 1014,             
		"chol": 140.1,             
		"fat": 20.5,                 
		"protein": 21.3,              
		"fiber": 80.4,             
		"sodium": 2064,             
		"time": 0,             
		"ning": 16,             
		"ings": "olive oil;onion, chopped;Hungarian sweet paprika;textured vegetable protein;green bell pepper, chopped;vegetable broth;potatoes, diced;carrots, diced;tomato, chopped;salt;ground black pepper;chopped fresh parsley;egg;all-purpose flour;salt;water as needed",             
		"full_ings": "3 tablespoons|olive oil;1|onion chopped;2 tablespoons|Hungarian sweet paprika;8 ounces|textured vegetable protein;1|green bell pepper chopped;5 cups|vegetable broth;4 large|potatoes diced;2 large|carrots diced;1|tomato chopped;1/2 teaspoon|salt;1/2 teaspoon|ground black pepper;2 tablespoons|chopped fresh parsley;1|egg;1 cup|all-purpose flour;1/2 teaspoon|salt;2 tablespoons|water as needed",             
		"props": "0.0247;0.0165;0.1317;0.6584;0.0014;0.0014;0.0165;0.1317;0.0014;0.0165",             
		"names": "olive oil;Hungarian sweet paprika;textured vegetable protein;vegetable broth;salt;ground black pepper;chopped fresh parsley;all-purpose flour;salt;water as needed"             
	}, 
	{
		"title": "home-made-chicken-noodle-soup",              
		"rating": 4,             
		"kcal": 823,             
		"chol": 71.2,             
		"fat": 46.5,                 
		"protein": 8.9,              
		"fiber": 29.9,             
		"sodium": 509,             
		"time": 60,             
		"ning": 10,             
		"ings": "whole chicken;onion, peeled and root trimmed;water to cover;whole black peppercorns;carrots, peeled and sliced;parsnips, peeled and sliced;diced celery;egg noodles;chopped fresh parsley, or to taste;salt to taste",             
		"full_ings": "1|whole chicken;1 large|onion peeled and root trimmed;|water to cover;1 tablespoon|whole black peppercorns;4|carrots peeled and sliced;4|parsnips peeled and sliced;1 cup|diced celery;1 16 ounce package|egg noodles;2 tablespoons|chopped fresh parsley or to taste;|salt to taste",             
		"props": "0.0476;0.7619;0.0952;0.0952",             
		"names": "whole black peppercorns;diced celery;egg noodles;chopped fresh parsley or to taste"             
	}, 
	{
		"title": "honey-zserbo",              
		"rating": 3.75,             
		"kcal": 576,             
		"chol": 87.2,             
		"fat": 23.2,                 
		"protein": 1.2,              
		"fiber": 6.7,             
		"sodium": 184,             
		"time": 20,             
		"ning": 13,             
		"ings": "all-purpose flour;baking soda;confectioners' sugar;unsalted butter;eggs, beaten;honey, warmed;sour cream;confectioners' sugar;vanilla sugar;all-purpose flour;milk;unsalted butter;confectioners' sugar for dusting",             
		"full_ings": "4 cups|all-purpose flour;1 1/2 teaspoons|baking soda;1 cup|uconfectioners sugar;1/3 cup|unsalted butter;2|eggs beaten;1/4 cup|honey warmed;1/4 cup|sour cream;2 cups|uconfectioners sugar;3/4 cup|vanilla sugar;1/4 cup|all-purpose flour;1 cup|milk;1 cup|unsalted butter;1/4 cup|uconfectioners sugar for dusting",             
		"props": "0.3599;0.0028;0.0900;0.0300;0.0225;0.0225;0.1799;0.0675;0.0225;0.0900;0.0900;0.0225",             
		"names": "all-purpose flour;baking soda;uconfectioners sugar;unsalted butter;honey warmed;sour cream;uconfectioners sugar;vanilla sugar;all-purpose flour;milk;unsalted butter;uconfectioners sugar for dusting"             
	}, 
	{
		"title": "hungarian-beigli",              
		"rating": 4.5,             
		"kcal": 314,             
		"chol": 32.8,             
		"fat": 18.9,                 
		"protein": 1.6,              
		"fiber": 5.5,             
		"sodium": 279,             
		"time": 35,             
		"ning": 15,             
		"ings": "For the Dough;white sugar;unsalted butter, cubed;egg yolks;sour cream;self-rising flour;active dry yeast;For the Filling;whole milk;white sugar;finely chopped walnuts;lemon, zested;golden raisins;egg;water",             
		"full_ings": "|For the Dough;5 tablespoons|white sugar;1 cup|unsalted butter cubed;3|egg yolks;1 8 ounce container|sour cream;4 cups|self-rising flour;1 .25 ounce package|active dry yeast;|For the Filling;1 cup|whole milk;1 cup|white sugar;2 1/2 cups|finely chopped walnuts;1|lemon zested;2/3 cup|golden raisins;1|egg;1 tablespoon|water",             
		"props": "0.0290;0.0927;0.0116;0.3707;0.0116;0.0927;0.0927;0.2317;0.0617;0.0058",             
		"names": "white sugar;unsalted butter cubed;sour cream;self-rising flour;active dry yeast;whole milk;white sugar;finely chopped walnuts;golden raisins;water"             
	}, 
	{
		"title": "hungarian-braided-white-bread",              
		"rating": 4.615385,             
		"kcal": 245,             
		"chol": 44.1,             
		"fat": 3.2,                 
		"protein": 1.6,              
		"fiber": 8.7,             
		"sodium": 420,             
		"time": 60,             
		"ning": 9,             
		"ings": "active dry yeast;warm milk (110 degrees F/45 degrees C);egg yolk;eggs;white sugar;salt;all-purpose flour;poppy seeds;egg, beaten",             
		"full_ings": "1 .25 ounce package|active dry yeast;1 3/4 cups|warm milk 110 degrees F/45 degrees C;1|egg yolk;2|eggs;2 tablespoons|white sugar;2 teaspoons|salt;5 cups|all-purpose flour;1 tablespoon|poppy seeds;1|egg beaten",             
		"props": "0.0176;0.2463;0.0176;0.0059;0.7038;0.0088",             
		"names": "active dry yeast;warm milk 110 degrees F/45 degrees C;white sugar;salt;all-purpose flour;poppy seeds"             
	}, 
	{
		"title": "hungarian-chestnut-cake",              
		"rating": 4.75,             
		"kcal": 528,             
		"chol": 45.3,             
		"fat": 34.1,                 
		"protein": 2.9,              
		"fiber": 6.8,             
		"sodium": 98,             
		"time": 0,             
		"ning": 15,             
		"ings": "whole chestnuts, drained;unsalted butter;dark rum;bittersweet chocolate, chopped;eggs;salt;white sugar;bittersweet chocolate, chopped;heavy cream;dark rum;marrons glaces (candied chestnuts);heavy cream, chilled;white sugar;dark rum;chopped marrons glace (candied chestnuts)",             
		"full_ings": "3/4 pound|whole chestnuts drained;1/2 cup|unsalted butter;4 tablespoons|dark rum;10 1 ounce squares|bittersweet chocolate chopped;6|eggs;1/4 teaspoon|salt;1/2 cup|white sugar;6 1 ounce squares|bittersweet chocolate chopped;1/2 cup|heavy cream;1 tablespoon|dark rum;8|marrons glaces candied chestnuts;1 cup|heavy cream chilled;2 tablespoons|white sugar;1 tablespoon|dark rum;3/4 cup|chopped marrons glace candied chestnuts",             
		"props": "0.2067;0.0689;0.0345;0.1723;0.0007;0.0689;0.1034;0.0689;0.0086;0.1378;0.0172;0.0086;0.1034",             
		"names": "whole chestnuts drained;unsalted butter;dark rum;bittersweet chocolate chopped;salt;white sugar;bittersweet chocolate chopped;heavy cream;dark rum;heavy cream chilled;white sugar;dark rum;chopped marrons glace candied chestnuts"             
	}, 
	{
		"title": "hungarian-coconut-balls",              
		"rating": 3.625,             
		"kcal": 71,             
		"chol": 13.3,             
		"fat": 1.8,                 
		"protein": 1,              
		"fiber": 0.6,             
		"sodium": 45,             
		"time": 0,             
		"ning": 9,             
		"ings": "mashed potatoes;confectioners' sugar;unsweetened cocoa powder;lemon juice;rum flavored extract;raisins;flaked coconut;lemon zest;flaked coconut",             
		"full_ings": "1 1/4 cups|mashed potatoes;1 1/4 cups|uconfectioners sugar;2 tablespoons|unsweetened cocoa powder;1/4 cup|lemon juice;2 tablespoons|rum flavored extract;1/2 cup|raisins;1 1/4 cups|flaked coconut;1 teaspoon|lemon zest;1/4 cup|flaked coconut",             
		"props": "0.2490;0.2490;0.0249;0.0498;0.0249;0.0996;0.2490;0.0042;0.0498",             
		"names": "mashed potatoes;uconfectioners sugar;unsweetened cocoa powder;lemon juice;rum flavored extract;raisins;flaked coconut;lemon zest;flaked coconut"             
	}, 
	{
		"title": "hungarian-cucumber-salad",              
		"rating": 4.571429,             
		"kcal": 98,             
		"chol": 8.9,             
		"fat": 7,                 
		"protein": 1.5,              
		"fiber": 1.3,             
		"sodium": 393,             
		"time": 0,             
		"ning": 7,             
		"ings": "seedless English cucumbers, sliced thin;onions, sliced thin;chopped fresh dill;white vinegar;vegetable oil;salt, or to taste;ground black pepper, or to taste",             
		"full_ings": "2 large|seedless English cucumbers sliced thin;1 extra large|onions sliced thin;1/4 cup|chopped fresh dill;3 tablespoons|white vinegar;3 tablespoons|vegetable oil;1 teaspoon|salt or to taste;1/2 teaspoon|ground black pepper or to taste",             
		"props": "0.3809;0.2857;0.2857;0.0318;0.0159",             
		"names": "chopped fresh dill;white vinegar;vegetable oil;salt or to taste;ground black pepper or to taste"             
	}, 
	{
		"title": "hungarian-flourless-hazelnut-cake",              
		"rating": 4.301887,             
		"kcal": 399,             
		"chol": 17.1,             
		"fat": 35,                 
		"protein": 2.9,              
		"fiber": 8.4,             
		"sodium": 128,             
		"time": 60,             
		"ning": 7,             
		"ings": "hazelnuts;baking powder;egg yolks;white sugar;egg whites;heavy whipping cream;chopped hazelnuts, for garnish",             
		"full_ings": "12 ounces|hazelnuts;2 teaspoons|baking powder;6|egg yolks;5/8 cup|white sugar;6|egg whites;1 pint|heavy whipping cream;1/8 cup|chopped hazelnuts for garnish",             
		"props": "0.3495;0.0097;0.1456;0.4660;0.0291",             
		"names": "hazelnuts;baking powder;white sugar;heavy whipping cream;chopped hazelnuts for garnish"             
	}, 
	{
		"title": "hungarian-goulash-i",              
		"rating": 4.346342,             
		"kcal": 549,             
		"chol": 9.4,             
		"fat": 42.3,                 
		"protein": 2.1,              
		"fiber": 32.8,             
		"sodium": 1137,             
		"time": 120,             
		"ning": 10,             
		"ings": "vegetable oil;onions, sliced;Hungarian sweet paprika;salt;ground black pepper;beef stew meat, cut into 1 1/2 inch cubes;tomato paste;water;garlic, minced;salt",             
		"full_ings": "1/3 cup|vegetable oil;3|onions sliced;2 tablespoons|Hungarian sweet paprika;2 teaspoons|salt;1/2 teaspoon|ground black pepper;3 pounds|beef stew meat cut into 1 1/2 inch cubes;1 6 ounce can|tomato paste;1 1/2 cups|water;1 clove|garlic minced;1 teaspoon|salt",             
		"props": "0.0408;0.0153;0.0051;0.0013;0.7357;0.0153;0.1839;0.0026",             
		"names": "vegetable oil;Hungarian sweet paprika;salt;ground black pepper;beef stew meat cut into 1 1/2 inch cubes;tomato paste;water;salt"             
	}, 
	{
		"title": "hungarian-goulash-ii",              
		"rating": 4.142857,             
		"kcal": 282,             
		"chol": 15.3,             
		"fat": 15.8,                 
		"protein": 0.8,              
		"fiber": 19.3,             
		"sodium": 1098,             
		"time": 615,             
		"ning": 10,             
		"ings": "beef chuck roast, cubed;onion, diced;ketchup;Worcestershire sauce;brown sugar;salt;Hungarian sweet paprika;dry mustard;water, divided;all-purpose flour",             
		"full_ings": "2 pounds|beef chuck roast cubed;1 large|onion diced;1/2 cup|ketchup;2 tablespoons|Worcestershire sauce;1 tablespoon|brown sugar;2 teaspoons|salt;2 teaspoons|Hungarian sweet paprika;1/2 teaspoon|dry mustard;1 1/4 cups|water divided;1/4 cup|all-purpose flour",             
		"props": "0.6368;0.0796;0.0199;0.0100;0.0066;0.0066;0.0017;0.1990;0.0398",             
		"names": "beef chuck roast cubed;ketchup;Worcestershire sauce;brown sugar;salt;Hungarian sweet paprika;dry mustard;water divided;all-purpose flour"             
	}, 
	{
		"title": "hungarian-goulash-iii",              
		"rating": 4.255319,             
		"kcal": 528,             
		"chol": 65.8,             
		"fat": 18.1,                 
		"protein": 2.9,              
		"fiber": 25,             
		"sodium": 755,             
		"time": 165,             
		"ning": 12,             
		"ings": "cooking spray;beef stew meat, cut into cubes;yellow onion, chopped;water;ketchup;Worcestershire sauce;distilled white vinegar;brown sugar;paprika;salt;dry mustard;egg noodles",             
		"full_ings": "|cooking spray;1 pound|beef stew meat cut into cubes;1 small|yellow onion chopped;1 1/2 cups|water;1/2 cup|ketchup;3 tablespoons|Worcestershire sauce;3/4 teaspoon|distilled white vinegar;2 tablespoons|brown sugar;1 1/2 teaspoons|paprika;1 teaspoon|salt;1/2 teaspoon|dry mustard;1 16 ounce package|egg noodles",             
		"props": "0.4429;0.3322;0.1107;0.0415;0.0035;0.0277;0.0069;0.0046;0.0023;0.0277",             
		"names": "beef stew meat cut into cubes;water;ketchup;Worcestershire sauce;distilled white vinegar;brown sugar;paprika;salt;dry mustard;egg noodles"             
	}, 
	{
		"title": "hungarian-kifli-i",              
		"rating": 3.75,             
		"kcal": 121,             
		"chol": 6.7,             
		"fat": 9.7,                 
		"protein": 0.8,              
		"fiber": 2.8,             
		"sodium": 65,             
		"time": 0,             
		"ning": 7,             
		"ings": "butter, softened;cottage cheese, creamed;all-purpose flour;egg whites;chopped walnuts;water;ground cinnamon",             
		"full_ings": "1 cup|butter softened;1 cup|cottage cheese creamed;2 cups|all-purpose flour;2|egg whites;2 cups|chopped walnuts;1/2 cup|water;2 tablespoons|ground cinnamon",             
		"props": "0.1509;0.1509;0.3019;0.3019;0.0755;0.0189",             
		"names": "butter softened;cottage cheese creamed;all-purpose flour;chopped walnuts;water;ground cinnamon"             
	}, 
	{
		"title": "hungarian-kifli-ii",              
		"rating": 4.384615,             
		"kcal": 262,             
		"chol": 21.7,             
		"fat": 18.2,                 
		"protein": 1,              
		"fiber": 4.5,             
		"sodium": 121,             
		"time": 0,             
		"ning": 11,             
		"ings": "cream cheese;butter;egg yolks;vanilla extract;all-purpose flour;salt;baking powder;egg whites;ground walnuts;white sugar;confectioners' sugar for decoration",             
		"full_ings": "9 ounces|cream cheese;1 cup|butter;3|egg yolks;1 teaspoon|vanilla extract;2 1/2 cups|all-purpose flour;1 pinch|salt;1/2 teaspoon|baking powder;3|egg whites;8 ounces|ground walnuts;1 cup|white sugar;1/3 cup|uconfectioners sugar for decoration",             
		"props": "0.1609;0.1430;0.0030;0.3576;0.0004;0.0015;0.1430;0.1430;0.0476",             
		"names": "cream cheese;butter;vanilla extract;all-purpose flour;salt;baking powder;ground walnuts;white sugar;uconfectioners sugar for decoration"             
	}, 
	{
		"title": "hungarian-lecso-ii",              
		"rating": 4,             
		"kcal": 415,             
		"chol": 40.7,             
		"fat": 21.6,                 
		"protein": 10.4,              
		"fiber": 16,             
		"sodium": 847,             
		"time": 30,             
		"ning": 8,             
		"ings": "olive oil;green bell peppers, seeded and cubed;onion, diced;diced tomatoes;salt and pepper to taste;paprika;eggs;rye bread",             
		"full_ings": "3 tablespoons|olive oil;2 pounds|green bell peppers seeded and cubed;1|onion diced;2 14.5 ounce cans|diced tomatoes;|salt and pepper to taste;1/4 cup|paprika;6|eggs;4 slices|rye bread",             
		"props": "0.0400;0.8533;0.0533;0.0533",             
		"names": "olive oil;green bell peppers seeded and cubed;diced tomatoes;paprika"             
	}, 
	{
		"title": "hungarian-mushroom-soup",              
		"rating": 4.72886,             
		"kcal": 201,             
		"chol": 14.8,             
		"fat": 13.5,                 
		"protein": 2.4,              
		"fiber": 7.5,             
		"sodium": 829,             
		"time": 35,             
		"ning": 14,             
		"ings": "unsalted butter;chopped onions;fresh mushrooms, sliced;dried dill weed;paprika;soy sauce;chicken broth;milk;all-purpose flour;salt;ground black pepper to taste;lemon juice;chopped fresh parsley;sour cream",             
		"full_ings": "4 tablespoons|unsalted butter;2 cups|chopped onions;1 pound|fresh mushrooms sliced;2 teaspoons|dried dill weed;1 tablespoon|paprika;1 tablespoon|soy sauce;2 cups|chicken broth;1 cup|milk;3 tablespoons|all-purpose flour;1 teaspoon|salt;|ground black pepper to taste;2 teaspoons|lemon juice;1/4 cup|chopped fresh parsley;1/2 cup|sour cream",             
		"props": "0.0297;0.2376;0.2376;0.0050;0.0074;0.0074;0.2376;0.1188;0.0223;0.0025;0.0050;0.0297;0.0594",             
		"names": "unsalted butter;chopped onions;fresh mushrooms sliced;dried dill weed;paprika;soy sauce;chicken broth;milk;all-purpose flour;salt;lemon juice;chopped fresh parsley;sour cream"             
	}, 
	{
		"title": "hungarian-noodle-side-dish",              
		"rating": 3.94,             
		"kcal": 365,             
		"chol": 39.3,             
		"fat": 16.5,                 
		"protein": 1.7,              
		"fiber": 15.2,             
		"sodium": 826,             
		"time": 0,             
		"ning": 13,             
		"ings": "wide egg noodles;chicken bouillon;water;condensed cream of mushroom soup;chopped onion;Worcestershire sauce;poppy seeds;garlic powder;hot pepper sauce;cottage cheese;sour cream;grated Parmesan cheese;paprika",             
		"full_ings": "1 16 ounce package|wide egg noodles;3 cubes|chicken bouillon;1/4 cup|water;1 10.75 ounce can|condensed cream of mushroom soup;1/2 cup|chopped onion;2 tablespoons|Worcestershire sauce;1 tablespoon|poppy seeds;1/4 teaspoon|garlic powder;1/4 teaspoon|hot pepper sauce;2 cups|cottage cheese;2 cups|sour cream;1/4 cup|grated Parmesan cheese;1 pinch|paprika",             
		"props": "0.0229;0.0459;0.0229;0.0917;0.0229;0.0115;0.0010;0.0010;0.3669;0.3669;0.0459;0.0005",             
		"names": "wide egg noodles;water;condensed cream of mushroom soup;chopped onion;Worcestershire sauce;poppy seeds;garlic powder;hot pepper sauce;cottage cheese;sour cream;grated Parmesan cheese;paprika"             
	}, 
	{
		"title": "hungarian-poppy-seed-filling",              
		"rating": 5,             
		"kcal": 152,             
		"chol": 13.5,             
		"fat": 10,                 
		"protein": 1.4,              
		"fiber": 3.8,             
		"sodium": 74,             
		"time": 20,             
		"ning": 6,             
		"ings": "poppy seeds;milk;margarine;white sugar;salt;eggs, beaten",             
		"full_ings": "1/2 pound|poppy seeds;1 cup|milk;1/4 cup|margarine;3/4 cup|white sugar;1 pinch|salt;2|eggs beaten",             
		"props": "0.3331;0.3331;0.0833;0.2498;0.0008",             
		"names": "poppy seeds;milk;margarine;white sugar;salt"             
	}, 
	{
		"title": "hungarian-pork-chops",              
		"rating": 3.982456,             
		"kcal": 376,             
		"chol": 19.9,             
		"fat": 24.5,                 
		"protein": 0.4,              
		"fiber": 17.7,             
		"sodium": 430,             
		"time": 0,             
		"ning": 9,             
		"ings": "pork chops;salt and pepper to taste;all-purpose flour;sour cream;dry sherry;ketchup;Worcestershire sauce;paprika;bay leaf",             
		"full_ings": "4|pork chops;|salt and pepper to taste;1/4 cup|all-purpose flour;1 cup|sour cream;1/4 cup|dry sherry;1/4 cup|ketchup;1 teaspoon|Worcestershire sauce;1/4 teaspoon|paprika;1|bay leaf",             
		"props": "0.1408;0.5630;0.1408;0.1408;0.0117;0.0029",             
		"names": "all-purpose flour;sour cream;dry sherry;ketchup;Worcestershire sauce;paprika"             
	}, 
	{
		"title": "hunza-bread-ii",              
		"rating": 5,             
		"kcal": 388,             
		"chol": 62.1,             
		"fat": 11.6,                 
		"protein": 1.8,              
		"fiber": 9.1,             
		"sodium": 356,             
		"time": 45,             
		"ning": 10,             
		"ings": "active dry yeast;warm water (110 degrees F/45 degrees C);bread flour;white sugar;salt;egg yolks;margarine, melted;warm milk;golden raisins;egg whites, beaten",             
		"full_ings": "3 .25 ounce packages|active dry yeast;1 cup|warm water 110 degrees F/45 degrees C;8 cups|bread flour;1 1/2 cups|white sugar;2 teaspoons|salt;6|egg yolks;1 cup|margarine melted;1 1/2 cups|warm milk;1 cup|golden raisins;2|egg whites beaten",             
		"props": "0.0260;0.0694;0.5549;0.1040;0.0029;0.0694;0.1040;0.0694",             
		"names": "active dry yeast;warm water 110 degrees F/45 degrees C;bread flour;white sugar;salt;margarine melted;warm milk;golden raisins"             
	}, 
	{
		"title": "kohlrabi-and-egg-noodles",              
		"rating": 4.2,             
		"kcal": 105,             
		"chol": 15.1,             
		"fat": 3.9,                 
		"protein": 2.4,              
		"fiber": 3,             
		"sodium": 157,             
		"time": 15,             
		"ning": 4,             
		"ings": "egg noodles (such as No Yolks);butter or margarine;grated kohlrabi;salt and ground black pepper to taste",             
		"full_ings": "4 cups|egg noodles such as No Yolks;2 tablespoons|butter or margarine;3 cups|grated kohlrabi;|salt and ground black pepper to taste",             
		"props": "0.5614;0.0175;0.4211",             
		"names": "egg noodles such as No Yolks;butter or margarine;grated kohlrabi"             
	}, 
	{
		"title": "lentil-soup-2",              
		"rating": 4.569672,             
		"kcal": 255,             
		"chol": 33.3,             
		"fat": 6,                 
		"protein": 13.7,              
		"fiber": 13.7,             
		"sodium": 1099,             
		"time": 0,             
		"ning": 15,             
		"ings": "olive oil;onions, cubed;minced garlic;carrots, diced;celery, diced;crushed tomatoes;lentils - soaked, rinsed and drained;salt;ground black pepper;white wine;bay leaves;chicken stock;fresh parsley, chopped;paprika;grated Parmesan cheese",             
		"full_ings": "2 tablespoons|olive oil;2 large|onions cubed;1 teaspoon|minced garlic;3|carrots diced;2 stalks|celery diced;3 1/2 cups|crushed tomatoes;1 1/2 cups|lentils - soaked rinsed and drained;1/2 teaspoon|salt;1/2 teaspoon|ground black pepper;3/4 cup|white wine;2|bay leaves;7 cups|chicken stock;1 sprig|fresh parsley chopped;1/2 teaspoon|paprika;1/2 cup|grated Parmesan cheese",             
		"props": "0.0093;0.0016;0.2607;0.1117;0.0008;0.0008;0.0559;0.5213;0.0008;0.0372",             
		"names": "olive oil;minced garlic;crushed tomatoes;lentils - soaked rinsed and drained;salt;ground black pepper;white wine;chicken stock;paprika;grated Parmesan cheese"             
	}, 
	{
		"title": "mom-sykes-hungarian-goulash",              
		"rating": 4.111111,             
		"kcal": 1132,             
		"chol": 70.5,             
		"fat": 61.3,                 
		"protein": 6.7,              
		"fiber": 73.2,             
		"sodium": 801,             
		"time": 90,             
		"ning": 10,             
		"ings": "butter;cubed beef stew meat;caraway seeds;onion, sliced;paprika;garlic, minced;lemon zest;tomato paste;beef consomme;broad egg noodles, cooked, rinsed, drained (Kosher for Passover)",             
		"full_ings": "3 tablespoons|butter;2 pounds|cubed beef stew meat;1 pinch|caraway seeds;1 pound|onion sliced;2 teaspoons|paprika;1 clove|garlic minced;1 tablespoon|lemon zest;1 6 ounce can|tomato paste;1 10.5 ounce can|beef consomme;1 10 ounce package|broad egg noodles cooked rinsed drained Kosher for Passover",             
		"props": "0.0281;0.5998;0.0004;0.2999;0.0062;0.0094;0.0187;0.0187;0.0187",             
		"names": "butter;cubed beef stew meat;caraway seeds;onion sliced;paprika;lemon zest;tomato paste;beef consomme;broad egg noodles cooked rinsed drained Kosher for Passover"             
	}, 
	{
		"title": "moms-chicken-paprika",              
		"rating": 3.96,             
		"kcal": 968,             
		"chol": 19.1,             
		"fat": 66,                 
		"protein": 2.3,              
		"fiber": 70.9,             
		"sodium": 632,             
		"time": 45,             
		"ning": 12,             
		"ings": "whole chicken, cut into pieces;all-purpose flour;seasoned salt;dried thyme;ground black pepper;shortening;paprika;garlic salt;hot water;onions, peeled and sliced into rings;all-purpose flour;milk",             
		"full_ings": "1 4 pound|whole chicken cut into pieces;1/2 cup|all-purpose flour;1 teaspoon|seasoned salt;1/2 teaspoon|dried thyme;1/4 teaspoon|ground black pepper;1/4 cup|shortening;2 tablespoons|paprika;1/2 teaspoon|garlic salt;2 1/2 cups|hot water;2|onions peeled and sliced into rings;2 tablespoons|all-purpose flour;1/2 cup|milk",             
		"props": "0.3307;0.0827;0.0034;0.0017;0.0009;0.0413;0.0207;0.0017;0.4134;0.0207;0.0827",             
		"names": "whole chicken cut into pieces;all-purpose flour;seasoned salt;dried thyme;ground black pepper;shortening;paprika;garlic salt;hot water;all-purpose flour;milk"             
	}, 
	{
		"title": "poppy-seed-hungarian-style-cookies",              
		"rating": 3.875,             
		"kcal": 309,             
		"chol": 27.2,             
		"fat": 21.7,                 
		"protein": 3.5,              
		"fiber": 5,             
		"sodium": 205,             
		"time": 25,             
		"ning": 8,             
		"ings": "heavy cream;poppy seeds;whole wheat flour;baking soda;ground cinnamon;butter, softened;lemon, juiced;maple flavored syrup",             
		"full_ings": "1/2 cup|heavy cream;1 1/4 cups|poppy seeds;1 1/2 cups|whole wheat flour;1 teaspoon|baking soda;1/2 teaspoon|ground cinnamon;3/4 cup|butter softened;1/2|lemon juiced;2/3 cup|maple flavored syrup",             
		"props": "0.1064;0.2661;0.3193;0.0044;0.0022;0.1597;0.1418",             
		"names": "heavy cream;poppy seeds;whole wheat flour;baking soda;ground cinnamon;butter softened;maple flavored syrup"             
	}, 
	{
		"title": "porkolt-hungarian-stew-made-with-pork",              
		"rating": 4.6,             
		"kcal": 323,             
		"chol": 22.9,             
		"fat": 13.2,                 
		"protein": 2.5,              
		"fiber": 26.9,             
		"sodium": 349,             
		"time": 115,             
		"ning": 11,             
		"ings": "bacon, diced;onions, diced;Hungarian paprika;garlic powder;ground black pepper;boneless pork chops, trimmed;yellow bell pepper, seeded and diced;diced tomatoes, with liquid;beef broth;reduced-fat sour cream;wide egg noodles",             
		"full_ings": "5 slices|bacon diced;2 large|onions diced;1/4 cup|Hungarian paprika;1 1/2 teaspoons|garlic powder;1/4 teaspoon|ground black pepper;5 pounds|boneless pork chops trimmed;1 large|yellow bell pepper seeded and diced;2 14 ounce cans|diced tomatoes with liquid;2/3 cup|beef broth;2 cups|reduced-fat sour cream;2 6 ounce packages|wide egg noodles",             
		"props": "0.0186;0.0023;0.0004;0.7434;0.0186;0.0495;0.1487;0.0186",             
		"names": "Hungarian paprika;garlic powder;ground black pepper;boneless pork chops trimmed;diced tomatoes with liquid;beef broth;reduced-fat sour cream;wide egg noodles"             
	}, 
	{
		"title": "potato-and-egg-casserole",              
		"rating": 4.1875,             
		"kcal": 415,             
		"chol": 25.6,             
		"fat": 31.6,                 
		"protein": 2.1,              
		"fiber": 8.8,             
		"sodium": 295,             
		"time": 30,             
		"ning": 5,             
		"ings": "potatoes;eggs;seasoning salt to taste;margarine;sour cream",             
		"full_ings": "6|potatoes;8|eggs;|seasoning salt to taste;1 cup|margarine;1 16 ounce container|sour cream",             
		"props": "0.8889;0.1111",             
		"names": "margarine;sour cream"             
	}, 
	{
		"title": "slow-cooker-hungarian-goulash",              
		"rating": 4.142857,             
		"kcal": 568,             
		"chol": 75.4,             
		"fat": 11.3,                 
		"protein": 3.9,              
		"fiber": 38.1,             
		"sodium": 358,             
		"time": 495,             
		"ning": 10,             
		"ings": "round steak, cut into 1-inch cubes;chopped onion;all-purpose flour;paprika;garlic salt;ground black pepper;diced tomatoes;bay leaf;sour cream;elbow macaroni",             
		"full_ings": "2 pounds|round steak cut into 1-inch cubes;1 cup|chopped onion;2 tablespoons|all-purpose flour;1 1/2 teaspoons|paprika;1 teaspoon|garlic salt;1/2 teaspoon|ground black pepper;1 14.5 ounce can|diced tomatoes;1|bay leaf;1 cup|sour cream;7 cups|elbow macaroni",             
		"props": "0.3005;0.0751;0.0094;0.0023;0.0016;0.0008;0.0094;0.0751;0.5258",             
		"names": "round steak cut into 1-inch cubes;chopped onion;all-purpose flour;paprika;garlic salt;ground black pepper;diced tomatoes;sour cream;elbow macaroni"             
	}, 
	{
		"title": "streamline-hungarian-torte",              
		"rating": 5,             
		"kcal": 267,             
		"chol": 32.8,             
		"fat": 14.1,                 
		"protein": 1.1,              
		"fiber": 4.1,             
		"sodium": 71,             
		"time": 70,             
		"ning": 13,             
		"ings": "chopped walnuts;ground cinnamon;white sugar;warm water (110 degrees F/45 degrees C);active dry yeast;white sugar;egg yolks;sour cream;butter or margarine, softened;all-purpose flour;apricot preserves;egg whites;white sugar",             
		"full_ings": "2 cups|chopped walnuts;1 teaspoon|ground cinnamon;3/4 cup|white sugar;1/4 cup|warm water 110 degrees F/45 degrees C;1 .25 ounce envelope|active dry yeast;1 teaspoon|white sugar;4|egg yolks;1/2 cup|sour cream;1 1/3 cups|butter or margarine softened;4 1/2 cups|all-purpose flour;1 16 ounce jar|apricot preserves;4|egg whites;2/3 cup|white sugar",             
		"props": "0.1944;0.0020;0.0729;0.0243;0.0121;0.0020;0.0486;0.1295;0.4373;0.0121;0.0647",             
		"names": "chopped walnuts;ground cinnamon;white sugar;warm water 110 degrees F/45 degrees C;active dry yeast;white sugar;sour cream;butter or margarine softened;all-purpose flour;apricot preserves;white sugar"             
	}, 
	{
		"title": "tangy-creamy-string-bean-soup",              
		"rating": 3.5,             
		"kcal": 205,             
		"chol": 17.7,             
		"fat": 12.2,                 
		"protein": 3.2,              
		"fiber": 7.6,             
		"sodium": 159,             
		"time": 25,             
		"ning": 6,             
		"ings": "flour;milk;sour cream;fresh green beans, trimmed;salt to taste;white wine vinegar",             
		"full_ings": "3 tablespoons|flour;2 1/2 cups|milk;1 cup|sour cream;1 pound|fresh green beans trimmed;|salt to taste;1/4 cup|white wine vinegar",             
		"props": "0.0316;0.4211;0.1684;0.3368;0.0421",             
		"names": "flour;milk;sour cream;fresh green beans trimmed;white wine vinegar"             
	} 
]
