[
	{
		"title": "authentic-korean-bulgogi",              
		"rating": 4.68421,             
		"kcal": 375,             
		"chol": 19.2,             
		"fat": 18.1,                 
		"protein": 1.8,              
		"fiber": 33.3,             
		"sodium": 1018,             
		"time": 10,             
		"ning": 12,             
		"ings": "beef top sirloin, thinly sliced;white cooking wine;pear juice;ground black pepper;soy sauce;white sugar;Asian (toasted) sesame oil;minced garlic;chopped green onion;sesame seeds;fresh mushrooms, halved;onion, chopped",             
		"full_ings": "1 1/2 pounds|beef top sirloin thinly sliced;2 tablespoons|white cooking wine;1 cup|pear juice;1 teaspoon|ground black pepper;1/4 cup|soy sauce;1 tablespoon|white sugar;2 tablespoons|Asian toasted sesame oil;1 tablespoon|minced garlic;2 tablespoons|chopped green onion;1 tablespoon|sesame seeds;1/2 pound|fresh mushrooms halved;1/2|onion chopped",             
		"props": "0.5143;0.0214;0.1714;0.0036;0.0429;0.0107;0.0214;0.0107;0.0214;0.0107;0.1714",             
		"names": "beef top sirloin thinly sliced;white cooking wine;pear juice;ground black pepper;soy sauce;white sugar;Asian toasted sesame oil;minced garlic;chopped green onion;sesame seeds;fresh mushrooms halved"             
	}, 
	{
		"title": "awesome-korean-steak",              
		"rating": 4.570136,             
		"kcal": 376,             
		"chol": 21.4,             
		"fat": 21.9,                 
		"protein": 0.8,              
		"fiber": 20.6,             
		"sodium": 1249,             
		"time": 10,             
		"ning": 8,             
		"ings": "thinly sliced Scotch fillet (chuck eye steaks);soy sauce;white sugar;sesame seeds;sesame oil;shallots, thinly sliced;garlic, crushed;mirin (Japanese sweet wine)",             
		"full_ings": "2 pounds|thinly sliced Scotch fillet chuck eye steaks;1/2 cup|soy sauce;5 tablespoons|white sugar;2 1/2 tablespoons|sesame seeds;2 tablespoons|sesame oil;3|shallots thinly sliced;2 cloves|garlic crushed;5 tablespoons|mirin Japanese sweet wine",             
		"props": "0.7399;0.0925;0.0578;0.0289;0.0231;0.0578",             
		"names": "thinly sliced Scotch fillet chuck eye steaks;soy sauce;white sugar;sesame seeds;sesame oil;mirin Japanese sweet wine"             
	}, 
	{
		"title": "barbecued-korean-ribs",              
		"rating": 4.6,             
		"kcal": 995,             
		"chol": 7.8,             
		"fat": 84.4,                 
		"protein": 0.3,              
		"fiber": 46,             
		"sodium": 1788,             
		"time": 0,             
		"ning": 6,             
		"ings": "beef short ribs, 2-1/2 inches long;Kikkoman Teriyaki Marinade and Sauce;sesame seeds, toasted;sugar;hot pepper sauce;garlic, pressed",             
		"full_ings": "4 pounds|beef short ribs 2-1/2 inches long;2/3 cup|Kikkoman Teriyaki Marinade and Sauce;1 tablespoon|sesame seeds toasted;1 teaspoon|sugar;2 teaspoons|hot pepper sauce;2 large cloves|garlic pressed",             
		"props": "0.9100;0.0758;0.0071;0.0024;0.0047",             
		"names": "beef short ribs 2-1/2 inches long;Kikkoman Teriyaki Marinade and Sauce;sesame seeds toasted;sugar;hot pepper sauce"             
	}, 
	{
		"title": "beef-bulgogi",              
		"rating": 4.810185,             
		"kcal": 232,             
		"chol": 12.4,             
		"fat": 13.2,                 
		"protein": 1,              
		"fiber": 16.2,             
		"sodium": 1157,             
		"time": 5,             
		"ning": 8,             
		"ings": "flank steak, thinly sliced;soy sauce;white sugar;chopped green onion;minced garlic;sesame seeds;sesame oil;ground black pepper",             
		"full_ings": "1 pound|flank steak thinly sliced;5 tablespoons|soy sauce;2 1/2 tablespoons|white sugar;1/4 cup|chopped green onion;2 tablespoons|minced garlic;2 tablespoons|sesame seeds;2 tablespoons|sesame oil;1/2 teaspoon|ground black pepper",             
		"props": "0.6443;0.1007;0.0503;0.0805;0.0403;0.0403;0.0403;0.0034",             
		"names": "flank steak thinly sliced;soy sauce;white sugar;chopped green onion;minced garlic;sesame seeds;sesame oil;ground black pepper"             
	}, 
	{
		"title": "best-korean-bulgogi",              
		"rating": 2.8125,             
		"kcal": 759,             
		"chol": 60.5,             
		"fat": 35.6,                 
		"protein": 5.3,              
		"fiber": 43.7,             
		"sodium": 9118,             
		"time": 30,             
		"ning": 10,             
		"ings": "soy sauce;green onions, chopped;toasted sesame seeds;sesame oil;beer;thinly sliced beef chuck roast;uncooked long grain rice;water;Vegetable oil;lettuce leaves - rinsed and dried",             
		"full_ings": "2 1/2 cups|soy sauce;1 bunch|green onions chopped;4 tablespoons|toasted sesame seeds;1/2 tablespoon|sesame oil;1 12 fluid ounce can or bottle|beer;2 pounds|thinly sliced beef chuck roast;1 cup|uncooked long grain rice;2 cups|water;1 tablespoon|Vegetable oil;1 head|lettuce leaves - rinsed and dried",             
		"props": "0.2508;0.0251;0.0031;0.0125;0.4013;0.1003;0.2006;0.0063",             
		"names": "soy sauce;toasted sesame seeds;sesame oil;beer;thinly sliced beef chuck roast;uncooked long grain rice;water;Vegetable oil"             
	}, 
	{
		"title": "bibimbap-korean-rice-with-mixed-vegetables",              
		"rating": 4.333333,             
		"kcal": 569,             
		"chol": 63,             
		"fat": 19.3,                 
		"protein": 4.4,              
		"fiber": 34.9,             
		"sodium": 574,             
		"time": 30,             
		"ning": 15,             
		"ings": "English cucumber, cut into matchsticks;gochujang (Korean hot pepper paste);fresh spinach, cut into thin strips;soy sauce;olive oil;carrots, cut into matchsticks;garlic, minced;red pepper flakes;thinly-sliced beef top round steak;olive oil;large eggs;cooked white rice;toasted sesame oil, divided;sesame seeds;gochujang (Korean hot pepper paste), divided",             
		"full_ings": "1|English cucumber cut into matchsticks;1/4 cup|gochujang Korean hot pepper paste;1 bunch|fresh spinach cut into thin strips;1 tablespoon|soy sauce;1 teaspoon|olive oil;2|carrots cut into matchsticks;1 clove|garlic minced;1 pinch|red pepper flakes;1 pound|thinly-sliced beef top round steak;1 teaspoon|olive oil;4|large eggs;4 cups|cooked white rice;4 teaspoons|toasted sesame oil divided;1 teaspoon|sesame seeds;2 teaspoons|gochujang Korean hot pepper paste divided",             
		"props": "0.0384;0.0096;0.0032;0.0004;0.3076;0.0032;0.6151;0.0128;0.0032;0.0064",             
		"names": "gochujang Korean hot pepper paste;soy sauce;olive oil;red pepper flakes;thinly-sliced beef top round steak;olive oil;cooked white rice;toasted sesame oil divided;sesame seeds;gochujang Korean hot pepper paste divided"             
	}, 
	{
		"title": "bulgogi-korean-barbecued-beef",              
		"rating": 4.377623,             
		"kcal": 243,             
		"chol": 6.2,             
		"fat": 15,                 
		"protein": 1.3,              
		"fiber": 20.3,             
		"sodium": 1055,             
		"time": 20,             
		"ning": 12,             
		"ings": "soy sauce;sesame oil;sesame seeds;garlic, minced;white sugar;salt;ground black pepper;monosodium glutamate (MSG);beef top sirloin, thinly sliced;carrot, julienned;green onion, chopped;yellow onion, chopped",             
		"full_ings": "3 tablespoons|soy sauce;1 tablespoon|sesame oil;1 tablespoon|sesame seeds;1 clove|garlic minced;1 teaspoon|white sugar;1/2 teaspoon|salt;1/2 teaspoon|ground black pepper;1/4 teaspoon|monosodium glutamate MSG;1 pound|beef top sirloin thinly sliced;1|carrot julienned;1|green onion chopped;1/2|yellow onion chopped",             
		"props": "0.0795;0.0265;0.0265;0.0088;0.0044;0.0044;0.0022;0.8477",             
		"names": "soy sauce;sesame oil;sesame seeds;white sugar;salt;ground black pepper;monosodium glutamate MSG;beef top sirloin thinly sliced"             
	}, 
	{
		"title": "bulgogi-korean-bbq",              
		"rating": 4.273809,             
		"kcal": 439,             
		"chol": 24.3,             
		"fat": 17.5,                 
		"protein": 1.8,              
		"fiber": 44.2,             
		"sodium": 3820,             
		"time": 10,             
		"ning": 10,             
		"ings": "soy sauce;pear juice or white wine;white sugar;chopped garlic;sesame oil;sesame seeds;ground black pepper;monosodium glutamate;beef rump roast, sliced into thin strips;onion, cut into thin strips",             
		"full_ings": "1 cup|soy sauce;1/2 cup|pear juice or white wine;3 tablespoons|white sugar;2 tablespoons|chopped garlic;1 teaspoon|sesame oil;1 teaspoon|sesame seeds;1 tablespoon|ground black pepper;1 teaspoon|monosodium glutamate;1 2 pound|beef rump roast sliced into thin strips;1|onion cut into thin strips",             
		"props": "0.2540;0.1270;0.0476;0.0317;0.0053;0.0053;0.0159;0.0053;0.5079",             
		"names": "soy sauce;pear juice or white wine;white sugar;chopped garlic;sesame oil;sesame seeds;ground black pepper;monosodium glutamate;beef rump roast sliced into thin strips"             
	}, 
	{
		"title": "chap-chee-noodles",              
		"rating": 4.31579,             
		"kcal": 264,             
		"chol": 27.9,             
		"fat": 12.5,                 
		"protein": 2,              
		"fiber": 10.6,             
		"sodium": 1025,             
		"time": 20,             
		"ning": 18,             
		"ings": "soy sauce;sesame oil;green onions, finely chopped;garlic, minced;sesame seeds;sugar;black pepper;beef top sirloin, thinly sliced;vegetable oil;thinly sliced carrots;sliced bamboo shoots, drained;napa cabbage, sliced;chopped fresh spinach;cellophane noodles, soaked in warm water;soy sauce;sugar;salt;black pepper",             
		"full_ings": "1 tablespoon|soy sauce;1 tablespoon|sesame oil;2|green onions finely chopped;1 clove|garlic minced;1 teaspoon|sesame seeds;1 teaspoon|sugar;1/4 teaspoon|black pepper;1/3 pound|beef top sirloin thinly sliced;2 tablespoons|vegetable oil;1/2 cup|thinly sliced carrots;1/2 cup|sliced bamboo shoots drained;1/4 pound|napa cabbage sliced;2 cups|chopped fresh spinach;3 ounces|cellophane noodles soaked in warm water;2 tablespoons|soy sauce;1 tablespoon|sugar;1/2 teaspoon|salt;1/4 teaspoon|black pepper",             
		"props": "0.0124;0.0124;0.0041;0.0041;0.0010;0.1321;0.0248;0.0992;0.0992;0.0992;0.3967;0.0744;0.0248;0.0124;0.0021;0.0010",             
		"names": "soy sauce;sesame oil;sesame seeds;sugar;black pepper;beef top sirloin thinly sliced;vegetable oil;thinly sliced carrots;sliced bamboo shoots drained;napa cabbage sliced;chopped fresh spinach;cellophane noodles soaked in warm water;soy sauce;sugar;salt;black pepper"             
	}, 
	{
		"title": "chinese-korean-cucumber-kimchi",              
		"rating": 4.571429,             
		"kcal": 80,             
		"chol": 17.4,             
		"fat": 1.3,                 
		"protein": 0.9,              
		"fiber": 1.8,             
		"sodium": 4415,             
		"time": 5,             
		"ning": 10,             
		"ings": "cucumbers, peeled and cut into 1/2 x1 1/2 inch sticks;sea salt;white sugar;white vinegar;water;chili bean sauce (toban djan);hot chili oil;fresh hot red chile peppers, sliced;onion, sliced;garlic, sliced and crushed",             
		"full_ings": "5|cucumbers peeled and cut into 1/2 x1 1/2 inch sticks;1/2 cup|sea salt;1/2 cup|white sugar;1/2 cup|white vinegar;1 cup|water;2 tablespoons|chili bean sauce toban djan;1 tablespoon|hot chili oil;2 4 inch|fresh hot red chile peppers sliced;1 small|onion sliced;5 cloves|garlic sliced and crushed",             
		"props": "0.1860;0.1860;0.1860;0.3721;0.0465;0.0233",             
		"names": "sea salt;white sugar;white vinegar;water;chili bean sauce toban djan;hot chili oil"             
	}, 
	{
		"title": "chompchae-deopbap-korean-spicy-tuna-and-rice",              
		"rating": 4.142857,             
		"kcal": 562,             
		"chol": 87.5,             
		"fat": 9,                 
		"protein": 4.8,              
		"fiber": 31.8,             
		"sodium": 1701,             
		"time": 40,             
		"ning": 15,             
		"ings": "uncooked white rice;water;olive oil;garlic, minced;fresh ginger, minced;onion, coarsely chopped;kim chee;sliced cucumber;sliced carrots;soy sauce;rice vinegar;salt and pepper to taste;Korean chile powder, or to taste;water, or as needed;tuna, drained",             
		"full_ings": "1 cup|uncooked white rice;2 cups|water;1 tablespoon|olive oil;3 cloves|garlic minced;1 1/2 inch piece|fresh ginger minced;1/2|onion coarsely chopped;1 cup|kim chee;1/2 cup|sliced cucumber;1/4 cup|sliced carrots;2 tablespoons|soy sauce;2 tablespoons|rice vinegar;|salt and pepper to taste;1 tablespoon|Korean chile powder or to taste;1 tablespoon|water or as needed;1 6 ounce can|tuna drained",             
		"props": "0.1882;0.3765;0.0118;0.1882;0.0941;0.0471;0.0235;0.0235;0.0118;0.0118;0.0235",             
		"names": "uncooked white rice;water;olive oil;kim chee;sliced cucumber;sliced carrots;soy sauce;rice vinegar;Korean chile powder or to taste;water or as needed;tuna drained"             
	}, 
	{
		"title": "dol-sot-bi-bim-bap",              
		"rating": 4.62963,             
		"kcal": 937,             
		"chol": 120.8,             
		"fat": 37.6,                 
		"protein": 13,              
		"fiber": 35.8,             
		"sodium": 1582,             
		"time": 60,             
		"ning": 20,             
		"ings": "soy sauce;white sugar;brown sugar;minced garlic;chopped green onion;toasted sesame seeds;rib-eye steak, sliced thin;salt and pepper to taste;uncooked glutinous (sticky) white rice, rinsed;water;dried shiitake mushrooms;fresh spinach, washed and chopped;cucumber, julienned;carrots, julienned;sesame oil;fresh bean sprouts;eggs;nori, crumbled;sesame oil;chili bean paste (Kochujang)",             
		"full_ings": "1/2 cup|soy sauce;1/2 cup|white sugar;1/2 cup|brown sugar;1/4 cup|minced garlic;1/3 cup|chopped green onion;4 tablespoons|toasted sesame seeds;20 ounces|rib-eye steak sliced thin;|salt and pepper to taste;3 cups|uncooked glutinous sticky white rice rinsed;6 1/2 cups|water;4|dried shiitake mushrooms;1 pound|fresh spinach washed and chopped;12 ounces|cucumber julienned;12 ounces|carrots julienned;|sesame oil;8 ounces|fresh bean sprouts;6|eggs;6 sheets|nori crumbled;6 tablespoons|sesame oil;1/4 cup|chili bean paste Kochujang",             
		"props": "0.0239;0.0239;0.0239;0.0119;0.0159;0.0119;0.1193;0.1431;0.3101;0.0954;0.0716;0.0716;0.0477;0.0179;0.0119",             
		"names": "soy sauce;white sugar;brown sugar;minced garlic;chopped green onion;toasted sesame seeds;rib-eye steak sliced thin;uncooked glutinous sticky white rice rinsed;water;fresh spinach washed and chopped;cucumber julienned;carrots julienned;fresh bean sprouts;sesame oil;chili bean paste Kochujang"             
	}, 
	{
		"title": "easy-and-simple-korean-bbq-ribs",              
		"rating": 4.75,             
		"kcal": 771,             
		"chol": 57.4,             
		"fat": 49,                 
		"protein": 1.1,              
		"fiber": 26,             
		"sodium": 3660,             
		"time": 15,             
		"ning": 8,             
		"ings": "soy sauce;white sugar;ground black pepper;garlic, chopped;green onions, chopped;Asian (toasted) sesame oil;sesame seeds;Korean-style short ribs (beef chuck flanken, cut 1/3 to 1/2 inch thick across bones)",             
		"full_ings": "1 cup|soy sauce;1 cup|white sugar;1 teaspoon|ground black pepper;5 cloves|garlic chopped;3|green onions chopped;2 tablespoons|Asian toasted sesame oil;1 teaspoon|sesame seeds;2 pounds|Korean-style short ribs beef chuck flanken cut 1/3 to 1/2 inch thick across bones",             
		"props": "0.1622;0.1622;0.0034;0.0203;0.0034;0.6486",             
		"names": "soy sauce;white sugar;ground black pepper;Asian toasted sesame oil;sesame seeds;Korean-style short ribs beef chuck flanken cut 1/3 to 1/2 inch thick across bones"             
	}, 
	{
		"title": "fiery-red-pepper-potatoes",              
		"rating": 4.25,             
		"kcal": 198,             
		"chol": 32.3,             
		"fat": 6.2,                 
		"protein": 5,              
		"fiber": 4.6,             
		"sodium": 352,             
		"time": 10,             
		"ning": 7,             
		"ings": "soy sauce;cayenne pepper, or to taste;vegetable oil;potatoes, cut into bite sized pieces;green onions, chopped;red bell pepper, chopped;sesame seeds",             
		"full_ings": "1 1/2 tablespoons|soy sauce;1 pinch|cayenne pepper or to taste;1 1/2 tablespoons|vegetable oil;3|potatoes cut into bite sized pieces;4|green onions chopped;1 large|red bell pepper chopped;2 teaspoons|sesame seeds",             
		"props": "0.4047;0.0108;0.4047;0.1799",             
		"names": "soy sauce;cayenne pepper or to taste;vegetable oil;sesame seeds"             
	}, 
	{
		"title": "jap-chae-korean-glass-noodles",              
		"rating": 4.4,             
		"kcal": 673,             
		"chol": 117.2,             
		"fat": 17.3,                 
		"protein": 10.7,              
		"fiber": 17.3,             
		"sodium": 1639,             
		"time": 20,             
		"ning": 13,             
		"ings": "Korean dang myun noodles;sesame oil;soy sauce;white sugar;vegetable oil;garlic, minced;thinly sliced onions;carrots, cut into match-stick size pieces;asparagus, thinly sliced;green onions cut into 1-inch pieces;dried shiitake mushrooms, soaked until soft, then sliced into strips;sesame seeds;sesame oil",             
		"full_ings": "1/2 pound|Korean dang myun noodles;1 teaspoon|sesame oil;2 tablespoons|soy sauce;2 teaspoons|white sugar;1 tablespoon|vegetable oil;2 cloves|garlic minced;3/4 cup|thinly sliced onions;2|carrots cut into match-stick size pieces;1/2 pound|asparagus thinly sliced;3|green onions cut into 1-inch pieces;1/2 cup|dried shiitake mushrooms soaked until soft then sliced into strips;1 tablespoon|sesame seeds;1 1/2 teaspoons|sesame oil",             
		"props": "0.2783;0.0058;0.0348;0.0116;0.0174;0.2087;0.2783;0.1391;0.0174;0.0087",             
		"names": "Korean dang myun noodles;sesame oil;soy sauce;white sugar;vegetable oil;thinly sliced onions;asparagus thinly sliced;dried shiitake mushrooms soaked until soft then sliced into strips;sesame seeds;sesame oil"             
	}, 
	{
		"title": "kalbi-korean-bbq-short-ribs",              
		"rating": 4.736842,             
		"kcal": 1096,             
		"chol": 44.9,             
		"fat": 85.6,                 
		"protein": 0.6,              
		"fiber": 35.9,             
		"sodium": 2831,             
		"time": 15,             
		"ning": 7,             
		"ings": "soy sauce;brown sugar;water;garlic clove, minced;green onions, chopped;Asian (toasted) sesame oil;Korean-style short ribs (beef chuck flanken, cut 1/3 to 1/2 inch thick across bones)",             
		"full_ings": "3/4 cup|soy sauce;3/4 cup|brown sugar;3/4 cup|water;1|garlic clove minced;2|green onions chopped;1 tablespoon|Asian toasted sesame oil;2 pounds|Korean-style short ribs beef chuck flanken cut 1/3 to 1/2 inch thick across bones",             
		"props": "0.1188;0.1188;0.1188;0.0099;0.6337",             
		"names": "soy sauce;brown sugar;water;Asian toasted sesame oil;Korean-style short ribs beef chuck flanken cut 1/3 to 1/2 inch thick across bones"             
	}, 
	{
		"title": "kalbi-marinated-beef-short-ribs",              
		"rating": 4.272727,             
		"kcal": 995,             
		"chol": 29.3,             
		"fat": 80,                 
		"protein": 0.8,              
		"fiber": 38.5,             
		"sodium": 1888,             
		"time": 30,             
		"ning": 7,             
		"ings": "white sugar;soy sauce;sesame oil;garlic, minced;green onions, chopped;sesame seeds;beef short ribs",             
		"full_ings": "3/4 cup|white sugar;3/4 cup|soy sauce;1/4 cup|sesame oil;4 cloves|garlic minced;3|green onions chopped;2 tablespoons|sesame seeds;5 pounds|beef short ribs",             
		"props": "0.0632;0.0632;0.0211;0.0105;0.8421",             
		"names": "white sugar;soy sauce;sesame oil;sesame seeds;beef short ribs"             
	}, 
	{
		"title": "kim-chee-squats",              
		"rating": 3.9,             
		"kcal": 36,             
		"chol": 6.8,             
		"fat": 0.5,                 
		"protein": 1.9,              
		"fiber": 2.6,             
		"sodium": 1796,             
		"time": 0,             
		"ning": 10,             
		"ings": "coarsely chopped Chinese cabbage;salt;chopped green onion;garlic, crushed;chili powder;minced fresh ginger root;light soy sauce;white wine vinegar;white sugar;sesame oil",             
		"full_ings": "2 pounds|coarsely chopped Chinese cabbage;1 tablespoon|salt;2 tablespoons|chopped green onion;1 clove|garlic crushed;1 tablespoon|chili powder;2 teaspoons|minced fresh ginger root;1/2 cup|light soy sauce;1/2 cup|white wine vinegar;2 teaspoons|white sugar;1 dash|sesame oil",             
		"props": "0.7498;0.0117;0.0234;0.0117;0.0078;0.0937;0.0937;0.0078;0.0002",             
		"names": "coarsely chopped Chinese cabbage;salt;chopped green onion;chili powder;minced fresh ginger root;light soy sauce;white wine vinegar;white sugar;sesame oil"             
	}, 
	{
		"title": "kimbop-korean-sushi",              
		"rating": 4.176471,             
		"kcal": 354,             
		"chol": 41.2,             
		"fat": 15.2,                 
		"protein": 1.4,              
		"fiber": 11.9,             
		"sodium": 607,             
		"time": 20,             
		"ning": 11,             
		"ings": "uncooked glutinous white rice (sushi rice);water;sesame oil;salt, to taste;eggs, beaten;sushi nori (dry seaweed);cucumber, cut into thin strips;carrot, cut into thin strips;American processed cheese, cut into thin strips;cooked ham, cut into thin strips;sesame oil",             
		"full_ings": "1 cup|uncooked glutinous white rice sushi rice;1 1/2 cups|water;1 tablespoon|sesame oil;|salt to taste;2|eggs beaten;4 sheets|sushi nori dry seaweed;1|cucumber cut into thin strips;1|carrot cut into thin strips;4 slices|American processed cheese cut into thin strips;4 slices|cooked ham cut into thin strips;2 teaspoons|sesame oil",             
		"props": "0.3840;0.5760;0.0240;0.0160",             
		"names": "uncooked glutinous white rice sushi rice;water;sesame oil;sesame oil"             
	}, 
	{
		"title": "kimchi-jun-kimchi-pancake-and-dipping-sauce",              
		"rating": 4.230769,             
		"kcal": 199,             
		"chol": 26.5,             
		"fat": 7.1,                 
		"protein": 1.6,              
		"fiber": 7.4,             
		"sodium": 610,             
		"time": 15,             
		"ning": 12,             
		"ings": "kimchi, drained and chopped;reserved juice from kimchi;all-purpose flour;eggs;green onion, chopped;vegetable oil;salt to taste;rice vinegar;soy sauce;sesame oil;Korean chili pepper flakes;toasted sesame seeds",             
		"full_ings": "1 cup|kimchi drained and chopped;1/2 cup|reserved juice from kimchi;1 cup|all-purpose flour;2|eggs;1|green onion chopped;1 tablespoon|vegetable oil;|salt to taste;1 tablespoon|rice vinegar;1 tablespoon|soy sauce;1/2 teaspoon|sesame oil;1/2 teaspoon|Korean chili pepper flakes;1/2 teaspoon|toasted sesame seeds",             
		"props": "0.3678;0.1839;0.3678;0.0230;0.0230;0.0230;0.0038;0.0038;0.0038",             
		"names": "kimchi drained and chopped;reserved juice from kimchi;all-purpose flour;vegetable oil;rice vinegar;soy sauce;sesame oil;Korean chili pepper flakes;toasted sesame seeds"             
	}, 
	{
		"title": "kongnamool-korean-soybean-sprouts",              
		"rating": 4.764706,             
		"kcal": 288,             
		"chol": 14.8,             
		"fat": 22.7,                 
		"protein": 3,              
		"fiber": 16.3,             
		"sodium": 508,             
		"time": 5,             
		"ning": 8,             
		"ings": "soybean sprouts;soy sauce;sesame oil;Korean chile powder;garlic, minced;sesame seeds;chopped green onion;rice wine vinegar, or to taste",             
		"full_ings": "1 pound|soybean sprouts;2 tablespoons|soy sauce;1/4 cup|sesame oil;2 tablespoons|Korean chile powder;1 1/2 teaspoons|garlic minced;2 teaspoons|sesame seeds;1/4 cup|chopped green onion;2 teaspoons|rice wine vinegar or to taste",             
		"props": "0.6982;0.0436;0.0873;0.0436;0.0109;0.0145;0.0873;0.0145",             
		"names": "soybean sprouts;soy sauce;sesame oil;Korean chile powder;garlic minced;sesame seeds;chopped green onion;rice wine vinegar or to taste"             
	}, 
	{
		"title": "korean-barbequed-beef",              
		"rating": 4.357143,             
		"kcal": 166,             
		"chol": 7.4,             
		"fat": 5.9,                 
		"protein": 0.7,              
		"fiber": 16.4,             
		"sodium": 942,             
		"time": 7,             
		"ning": 10,             
		"ings": "beef sirloin;soy sauce;rice wine;white sugar;minced garlic;toasted sesame oil;freshly ground black pepper;hot chile paste;green onions, chopped into 1 inch pieces;Bibb lettuce",             
		"full_ings": "1 1/2 pounds|beef sirloin;1/2 cup|soy sauce;1/2 cup|rice wine;2 tablespoons|white sugar;2 tablespoons|minced garlic;1 1/2 teaspoons|toasted sesame oil;1/4 teaspoon|freshly ground black pepper;1 teaspoon|hot chile paste;8|green onions chopped into 1 inch pieces;1 cup|Bibb lettuce",             
		"props": "0.5653;0.0942;0.0942;0.0236;0.0236;0.0059;0.0010;0.0039;0.1884",             
		"names": "beef sirloin;soy sauce;rice wine;white sugar;minced garlic;toasted sesame oil;freshly ground black pepper;hot chile paste;Bibb lettuce"             
	}, 
	{
		"title": "korean-bbq-beef-pul-kogi",              
		"rating": 4.645349,             
		"kcal": 276,             
		"chol": 13.8,             
		"fat": 14.9,                 
		"protein": 1.5,              
		"fiber": 20.6,             
		"sodium": 947,             
		"time": 5,             
		"ning": 11,             
		"ings": "beef top sirloin, thinly sliced;garlic, minced;pear - peeled, cored, and minced;green onions, thinly sliced;soy sauce;white sugar;sesame oil;rice wine;sesame seeds;minced fresh ginger;freshly ground black pepper to taste",             
		"full_ings": "1 pound|beef top sirloin thinly sliced;6 cloves|garlic minced;1/2|pear - peeled cored and minced;2|green onions thinly sliced;4 tablespoons|soy sauce;2 tablespoons|white sugar;1 tablespoon|sesame oil;1 tablespoon|rice wine;1 tablespoon|sesame seeds;1 teaspoon|minced fresh ginger;|freshly ground black pepper to taste",             
		"props": "0.7742;0.0968;0.0484;0.0242;0.0242;0.0242;0.0081",             
		"names": "beef top sirloin thinly sliced;soy sauce;white sugar;sesame oil;rice wine;sesame seeds;minced fresh ginger"             
	}, 
	{
		"title": "korean-bbq-chicken-marinade",              
		"rating": 4.589449,             
		"kcal": 20,             
		"chol": 4.9,             
		"fat": 0.1,                 
		"protein": 0.1,              
		"fiber": 0.3,             
		"sodium": 304,             
		"time": 15,             
		"ning": 7,             
		"ings": "white sugar;soy sauce;water;onion powder;ground ginger;lemon juice;hot chile paste",             
		"full_ings": "1 cup|white sugar;1 cup|soy sauce;1 cup|water;1 teaspoon|onion powder;1 teaspoon|ground ginger;1 tablespoon|lemon juice;4 teaspoons|hot chile paste",             
		"props": "0.3137;0.3137;0.3137;0.0065;0.0065;0.0196;0.0261",             
		"names": "white sugar;soy sauce;water;onion powder;ground ginger;lemon juice;hot chile paste"             
	}, 
	{
		"title": "korean-bbq-galbi",              
		"rating": 4.888889,             
		"kcal": 1092,             
		"chol": 57.5,             
		"fat": 78.6,                 
		"protein": 1.8,              
		"fiber": 39.1,             
		"sodium": 2501,             
		"time": 10,             
		"ning": 9,             
		"ings": "beef short ribs, cut flanken style;garlic;onion, coarsely chopped;Asian pear, cored and cubed;soy sauce (such as Kikkoman);brown sugar;honey;sesame oil;black pepper to taste",             
		"full_ings": "5 pounds|beef short ribs cut flanken style;5 cloves|garlic;1|onion coarsely chopped;1|Asian pear cored and cubed;1 cup|soy sauce such as Kikkoman;1 cup|brown sugar;1/4 cup|honey;1/4 cup|sesame oil;|black pepper to taste",             
		"props": "0.8000;0.0800;0.0800;0.0200;0.0200",             
		"names": "beef short ribs cut flanken style;soy sauce such as Kikkoman;brown sugar;honey;sesame oil"             
	}, 
	{
		"title": "korean-bbq-short-ribs-gal-bi",              
		"rating": 4.680723,             
		"kcal": 710,             
		"chol": 23.2,             
		"fat": 55.5,                 
		"protein": 1,              
		"fiber": 28.8,             
		"sodium": 2231,             
		"time": 10,             
		"ning": 10,             
		"ings": "soy sauce;water;white vinegar;dark brown sugar;white sugar;black pepper;sesame oil;minced garlic;onion, minced;Korean-style short ribs (beef chuck flanken, cut 1/3 to 1/2 inch thick across bones)",             
		"full_ings": "3/4 cup|soy sauce;3/4 cup|water;3 tablespoons|white vinegar;1/4 cup|dark brown sugar;2 tablespoons|white sugar;1 tablespoon|black pepper;2 tablespoons|sesame oil;1/4 cup|minced garlic;1/2 large|onion minced;3 pounds|Korean-style short ribs beef chuck flanken cut 1/3 to 1/2 inch thick across bones",             
		"props": "0.0882;0.0882;0.0221;0.0294;0.0147;0.0074;0.0147;0.0294;0.7059",             
		"names": "soy sauce;water;white vinegar;dark brown sugar;white sugar;black pepper;sesame oil;minced garlic;Korean-style short ribs beef chuck flanken cut 1/3 to 1/2 inch thick across bones"             
	}, 
	{
		"title": "korean-bean-curd-miso-soup",              
		"rating": 4.515152,             
		"kcal": 158,             
		"chol": 21.6,             
		"fat": 4.1,                 
		"protein": 3.4,              
		"fiber": 9.1,             
		"sodium": 641,             
		"time": 20,             
		"ning": 10,             
		"ings": "water;denjang (Korean bean curd paste);garlic paste;dashi granules;gochujang (Korean hot pepper paste);zucchini, cubed;potato, peeled and cubed;fresh mushrooms, quartered;onion, chopped;soft tofu, sliced",             
		"full_ings": "3 1/2 cups|water;3 tablespoons|denjang Korean bean curd paste;1 tablespoon|garlic paste;1/2 tablespoon|dashi granules;1/2 tablespoon|gochujang Korean hot pepper paste;1|zucchini cubed;1|potato peeled and cubed;1/4 pound|fresh mushrooms quartered;1|onion chopped;1 12 ounce package|soft tofu sliced",             
		"props": "0.7887;0.0423;0.0141;0.0070;0.0070;0.1127;0.0282",             
		"names": "water;denjang Korean bean curd paste;garlic paste;dashi granules;gochujang Korean hot pepper paste;fresh mushrooms quartered;soft tofu sliced"             
	}, 
	{
		"title": "korean-beef-short-rib-stew-galbi-jjim",              
		"rating": 4.142857,             
		"kcal": 749,             
		"chol": 57.5,             
		"fat": 45.6,                 
		"protein": 4.7,              
		"fiber": 26.7,             
		"sodium": 1454,             
		"time": 170,             
		"ning": 15,             
		"ings": "Korean-style short ribs (beef chuck flanken), cut into 3-inch segments;water;soy sauce;garlic, minced;onion, sliced;rice wine;brown sugar;carrots, cut into chunks;potatoes, cut into chunks;fresh shiitake mushrooms, sliced;light corn syrup;Asian (toasted) sesame oil;chestnuts, peeled;dates, pitted;sliced green onion",             
		"full_ings": "2 pounds|Korean-style short ribs beef chuck flanken cut into 3-inch segments;4 cups|water;6 tablespoons|soy sauce;8 cloves|garlic minced;1 small|onion sliced;1 tablespoon|rice wine;1 tablespoon|brown sugar;2|carrots cut into chunks;2 small|potatoes cut into chunks;1/2 cup|fresh shiitake mushrooms sliced;2 tablespoons|light corn syrup;1 tablespoon|Asian toasted sesame oil;6|chestnuts peeled;6|dates pitted;|sliced green onion",             
		"props": "0.4354;0.4354;0.0408;0.0068;0.0068;0.0544;0.0136;0.0068",             
		"names": "Korean-style short ribs beef chuck flanken cut into 3-inch segments;water;soy sauce;rice wine;brown sugar;fresh shiitake mushrooms sliced;light corn syrup;Asian toasted sesame oil"             
	}, 
	{
		"title": "korean-chicken",              
		"rating": 4.210526,             
		"kcal": 794,             
		"chol": 6,             
		"fat": 54.7,                 
		"protein": 0.8,              
		"fiber": 65.3,             
		"sodium": 1338,             
		"time": 0,             
		"ning": 10,             
		"ings": "whole chicken;soy sauce;sesame seeds;salt;ground black pepper;green onion, minced;garlic, minced;peanut oil;white sugar;monosodium glutamate (MSG)",             
		"full_ings": "1 3 pound|whole chicken;1/4 cup|soy sauce;2 tablespoons|sesame seeds;1/8 teaspoon|salt;1/8 teaspoon|ground black pepper;1|green onion minced;1 clove|garlic minced;1 teaspoon|peanut oil;1 tablespoon|white sugar;1 teaspoon|monosodium glutamate MSG",             
		"props": "0.8050;0.1006;0.0503;0.0010;0.0010;0.0084;0.0252;0.0084",             
		"names": "whole chicken;soy sauce;sesame seeds;salt;ground black pepper;peanut oil;white sugar;monosodium glutamate MSG"             
	}, 
	{
		"title": "korean-crab-cakes",              
		"rating": 3.2,             
		"kcal": 254,             
		"chol": 9.6,             
		"fat": 17.4,                 
		"protein": 0.5,              
		"fiber": 14.5,             
		"sodium": 620,             
		"time": 35,             
		"ning": 9,             
		"ings": "mayonnaise;chopped fresh cilantro;chopped fresh ginger;Asian fish sauce (nuoc mam or nam pla);crabmeat - drained, flaked and cartilage removed;chopped shrimp;fresh breadcrumbs, made from crustless French bread;salt and pepper to taste;peanut oil",             
		"full_ings": "1/4 cup|mayonnaise;2 tablespoons|chopped fresh cilantro;1 tablespoon|chopped fresh ginger;2 teaspoons|Asian fish sauce nuoc mam or nam pla;1 6 ounce can|crabmeat - drained flaked and cartilage removed;3 ounces|chopped shrimp;1 1/2 cups|fresh breadcrumbs made from crustless French bread;|salt and pepper to taste;1 1/2 tablespoons|peanut oil",             
		"props": "0.0972;0.0486;0.0243;0.0162;0.0486;0.1457;0.5830;0.0364",             
		"names": "mayonnaise;chopped fresh cilantro;chopped fresh ginger;Asian fish sauce nuoc mam or nam pla;crabmeat - drained flaked and cartilage removed;chopped shrimp;fresh breadcrumbs made from crustless French bread;peanut oil"             
	}, 
	{
		"title": "korean-cucumber-salad",              
		"rating": 3.793388,             
		"kcal": 98,             
		"chol": 8.1,             
		"fat": 7,                 
		"protein": 2.4,              
		"fiber": 2.6,             
		"sodium": 14,             
		"time": 5,             
		"ning": 8,             
		"ings": "white vinegar;black pepper;red pepper flakes;vegetable oil;sesame seeds;cucumber, thinly sliced;green onion, sliced;carrot, julienned",             
		"full_ings": "1/4 cup|white vinegar;1/4 teaspoon|black pepper;1/2 teaspoon|red pepper flakes;1 teaspoon|vegetable oil;2 tablespoons|sesame seeds;1|cucumber thinly sliced;1/2|green onion sliced;1/2|carrot julienned",             
		"props": "0.6076;0.0127;0.0253;0.0506;0.3038",             
		"names": "white vinegar;black pepper;red pepper flakes;vegetable oil;sesame seeds"             
	}, 
	{
		"title": "korean-egg-roll-triangles",              
		"rating": 4.25,             
		"kcal": 534,             
		"chol": 56.9,             
		"fat": 28.4,                 
		"protein": 4.4,              
		"fiber": 14.6,             
		"sodium": 1177,             
		"time": 15,             
		"ning": 12,             
		"ings": "dry thin Asian rice noodles (rice vermicelli);cabbage, cored and shredded;firm tofu;zucchini, shredded;green onions, finely chopped;garlic, finely chopped;ground black pepper;Asian (toasted) sesame oil;eggs, slightly beaten;salt;round wonton wrappers;vegetable oil for frying",             
		"full_ings": "1/2 8 ounce package|dry thin Asian rice noodles rice vermicelli;1/2 medium head|cabbage cored and shredded;1 12 ounce package|firm tof;2 small|zucchini shredded;4|green onions finely chopped;4 cloves|garlic finely chopped;1 tablespoon|ground black pepper;2 tablespoons|Asian toasted sesame oil;2|eggs slightly beaten;2 teaspoons|salt;1 12 ounce package|round wonton wrappers;1/2 cup|vegetable oil for frying",             
		"props": "0.1277;0.0638;0.1277;0.0426;0.1277;0.5106",             
		"names": "firm tof;ground black pepper;Asian toasted sesame oil;salt;round wonton wrappers;vegetable oil for frying"             
	}, 
	{
		"title": "korean-marinade",              
		"rating": 4.648649,             
		"kcal": 97,             
		"chol": 9.6,             
		"fat": 6.1,                 
		"protein": 0.6,              
		"fiber": 1.8,             
		"sodium": 903,             
		"time": 0,             
		"ning": 8,             
		"ings": "soy sauce;white sugar;sesame oil;green onion, chopped;garlic, minced;toasted sesame seeds;all-purpose flour;ground black pepper",             
		"full_ings": "6 tablespoons|soy sauce;3 tablespoons|white sugar;2 tablespoons|sesame oil;1|green onion chopped;1 clove|garlic minced;2 tablespoons|toasted sesame seeds;1 tablespoon|all-purpose flour;1 pinch|ground black pepper",             
		"props": "0.4274;0.2137;0.1425;0.1425;0.0712;0.0028",             
		"names": "soy sauce;white sugar;sesame oil;toasted sesame seeds;all-purpose flour;ground black pepper"             
	}, 
	{
		"title": "korean-marinated-flank-steak",              
		"rating": 4.44,             
		"kcal": 417,             
		"chol": 46.5,             
		"fat": 15.4,                 
		"protein": 1.2,              
		"fiber": 24.1,             
		"sodium": 3661,             
		"time": 15,             
		"ning": 9,             
		"ings": "garlic;minced fresh ginger;onion, roughly chopped;low sodium soy sauce;toasted sesame oil;Worcestershire sauce;unseasoned meat tenderizer;white sugar;beef flank steak, trimmed of excess fat",             
		"full_ings": "4 cloves|garlic;1 teaspoon|minced fresh ginger;1|onion roughly chopped;2 1/2 cups|low sodium soy sauce;1/4 cup|toasted sesame oil;3 tablespoons|Worcestershire sauce;2 tablespoons|unseasoned meat tenderizer;1 cup|white sugar;2 pounds|beef flank steak trimmed of excess fat",             
		"props": "0.0026;0.3093;0.0309;0.0232;0.0155;0.1237;0.4948",             
		"names": "minced fresh ginger;low sodium soy sauce;toasted sesame oil;Worcestershire sauce;unseasoned meat tenderizer;white sugar;beef flank steak trimmed of excess fat"             
	}, 
	{
		"title": "korean-pizza",              
		"rating": 3.625,             
		"kcal": 233,             
		"chol": 30.1,             
		"fat": 7,                 
		"protein": 2.2,              
		"fiber": 12.7,             
		"sodium": 663,             
		"time": 30,             
		"ning": 17,             
		"ings": "all-purpose flour;eggs;water;salt;shallot, chopped;green onion, chopped;minced crabmeat;chopped cooked pork;diced firm tofu;bean sprouts;frozen mixed vegetables, thawed;shredded cabbage;canola oil;soy sauce;rice vinegar;sesame oil;chile pepper, chopped",             
		"full_ings": "2 cups|all-purpose flour;2|eggs;4 cups|water;1/2 teaspoon|salt;1|shallot chopped;1|green onion chopped;1/2 cup|minced crabmeat;1/2 cup|chopped cooked pork;1/2 cup|diced firm tof;1 cup|bean sprouts;1 cup|frozen mixed vegetables thawed;1/2 cup|shredded cabbage;4 teaspoons|canola oil;1/4 cup|soy sauce;2 tablespoons|rice vinegar;1 tablespoon|sesame oil;1|chile pepper chopped",             
		"props": "0.1899;0.3798;0.0010;0.0475;0.0475;0.0475;0.0950;0.0950;0.0475;0.0079;0.0237;0.0119;0.0059",             
		"names": "all-purpose flour;water;salt;minced crabmeat;chopped cooked pork;diced firm tof;bean sprouts;frozen mixed vegetables thawed;shredded cabbage;canola oil;soy sauce;rice vinegar;sesame oil"             
	}, 
	{
		"title": "korean-slow-cooker-pork-chops",              
		"rating": 4.045455,             
		"kcal": 142,             
		"chol": 3.5,             
		"fat": 6.7,                 
		"protein": 0.2,              
		"fiber": 16,             
		"sodium": 1311,             
		"time": 300,             
		"ning": 6,             
		"ings": "garlic, pressed;chicken broth;Korean chile bean paste;soy sauce;pork chops;salt and pepper to taste",             
		"full_ings": "3 cloves|garlic pressed;1/2 cup|chicken broth;1 tablespoon|Korean chile bean paste;1/2 cup|soy sauce;6|pork chops;|salt and pepper to taste",             
		"props": "0.4706;0.0588;0.4706",             
		"names": "chicken broth;Korean chile bean paste;soy sauce"             
	}, 
	{
		"title": "korean-soft-tofu-stew-soon-du-bu-jigae",              
		"rating": 4,             
		"kcal": 242,             
		"chol": 7,             
		"fat": 16.5,                 
		"protein": 2.3,              
		"fiber": 20,             
		"sodium": 609,             
		"time": 15,             
		"ning": 10,             
		"ings": "vegetable oil;Korean chile powder;ground beef;Korean soy bean paste (doenjang);water;salt and pepper to taste;Korean soon tofu or soft tofu, drained and sliced;egg;sesame seeds;green onion, chopped",             
		"full_ings": "1 teaspoon|vegetable oil;1 teaspoon|Korean chile powder;2 tablespoons|ground beef;1 tablespoon|Korean soy bean paste doenjang;1 cup|water;|salt and pepper to taste;1 12 ounce package|Korean soon tofu or soft tofu drained and sliced;1|egg;1 teaspoon|sesame seeds;1|green onion chopped",             
		"props": "0.0152;0.0152;0.0909;0.0455;0.7273;0.0909;0.0152",             
		"names": "vegetable oil;Korean chile powder;ground beef;Korean soy bean paste doenjang;water;Korean soon tofu or soft tofu drained and sliced;sesame seeds"             
	} 
]
