[
	{
		"title": "authentic-pho",              
		"rating": 4.333333,             
		"kcal": 509,             
		"chol": 65.6,             
		"fat": 11,                 
		"protein": 4.4,              
		"fiber": 34.9,             
		"sodium": 3519,             
		"time": 480,             
		"ning": 16,             
		"ings": "beef soup bones;onion, unpeeled and cut in half;fresh ginger;salt;star anise;fish sauce;water;dried rice noodles;beef top sirloin, thinly sliced;chopped cilantro;chopped green onion;bean sprouts;Thai basil;lime, cut into 4 wedges;hoisin sauce;chile-garlic sauce (such as Sriracha)",             
		"full_ings": "4 pounds|beef soup bones;1|onion unpeeled and cut in half;5 slices|fresh ginger;1 tablespoon|salt;2 pods|star anise;2 1/2 tablespoons|fish sauce;4 quarts|water;1 8 ounce package|dried rice noodles;1 1/2 pounds|beef top sirloin thinly sliced;1/2 cup|chopped cilantro;1 tablespoon|chopped green onion;1 1/2 cups|bean sprouts;1 bunch|Thai basil;1|lime cut into 4 wedges;1/4 cup|hoisin sauce;1/4 cup|chile-garlic sauce such as Sriracha",             
		"props": "0.2675;0.0021;0.0052;0.5350;0.0042;0.1003;0.0167;0.0021;0.0502;0.0084;0.0084",             
		"names": "beef soup bones;salt;fish sauce;water;dried rice noodles;beef top sirloin thinly sliced;chopped cilantro;chopped green onion;bean sprouts;hoisin sauce;chile-garlic sauce such as Sriracha"             
	}, 
	{
		"title": "banh-mi-burgers",              
		"rating": 4.647059,             
		"kcal": 487,             
		"chol": 26.6,             
		"fat": 27,                 
		"protein": 1.5,              
		"fiber": 32.7,             
		"sodium": 803,             
		"time": 10,             
		"ning": 16,             
		"ings": "chopped cucumber, seeded if large;thinly sliced green onion;chopped carrot;rice vinegar;mirin (Japanese rice wine);white sugar;ground pork;tamari sauce;toasted sesame oil;mirin (Japanese rice wine);grated fresh ginger;chili garlic sauce;fish sauce;sesame seed hamburger buns;chopped fresh basil;chopped fresh mint",             
		"full_ings": "1/2 cup|chopped cucumber seeded if large;1/4 cup|thinly sliced green onion;1/4 cup|chopped carrot;1/2 cup|rice vinegar;2 tablespoons|mirin Japanese rice wine;1 teaspoon|white sugar;2 pounds|ground pork;2 tablespoons|tamari sauce;1 tablespoon|toasted sesame oil;1 teaspoon|mirin Japanese rice wine;1 tablespoon|grated fresh ginger;1 tablespoon|chili garlic sauce;1 teaspoon|fish sauce;6|sesame seed hamburger buns;1 teaspoon|chopped fresh basil;1 teaspoon|chopped fresh mint",             
		"props": "0.0828;0.0414;0.0414;0.0828;0.0207;0.0034;0.6621;0.0207;0.0103;0.0034;0.0103;0.0103;0.0034;0.0034;0.0034",             
		"names": "chopped cucumber seeded if large;thinly sliced green onion;chopped carrot;rice vinegar;mirin Japanese rice wine;white sugar;ground pork;tamari sauce;toasted sesame oil;mirin Japanese rice wine;grated fresh ginger;chili garlic sauce;fish sauce;chopped fresh basil;chopped fresh mint"             
	}, 
	{
		"title": "banh-mi-style-vietnamese-baguette",              
		"rating": 4.607143,             
		"kcal": 760,             
		"chol": 128.4,             
		"fat": 22.8,                 
		"protein": 9.6,              
		"fiber": 19.5,             
		"sodium": 1476,             
		"time": 25,             
		"ning": 21,             
		"ings": "portobello mushroom caps, sliced;olive oil;salt and pepper to taste;carrot, sliced into sticks;daikon (white) radish, sliced into sticks;rice vinegar;fresh lime juice;cold water;chilled lime juice;soy sauce;nuoc mam (Vietnamese fish sauce);toasted sesame oil;canola oil;minced garlic;white sugar;cold water;jalapeno pepper, thinly sliced;fresh cilantro with stems;cucumber, sliced into thin strips;fresh Thai basil;French bread baguettes, split lengthwise",             
		"full_ings": "2|portobello mushroom caps sliced;2 teaspoons|olive oil;|salt and pepper to taste;1|carrot sliced into sticks;1|daikon white radish sliced into sticks;1 cup|rice vinegar;1/2 cup|fresh lime juice;1/2 cup|cold water;1/2 cup|chilled lime juice;2 teaspoons|soy sauce;1 teaspoon|nuoc mam Vietnamese fish sauce;1/2 teaspoon|toasted sesame oil;2 tablespoons|canola oil;2 teaspoons|minced garlic;1/3 cup|white sugar;1/3 cup|cold water;1|jalapeno pepper thinly sliced;8 sprigs|fresh cilantro with stems;1 medium|cucumber sliced into thin strips;2 sprigs|fresh Thai basil;2 7 inch|French bread baguettes split lengthwise",             
		"props": "0.0121;0.2901;0.1450;0.1450;0.1450;0.0121;0.0060;0.0030;0.0363;0.0121;0.0966;0.0966",             
		"names": "olive oil;rice vinegar;fresh lime juice;cold water;chilled lime juice;soy sauce;nuoc mam Vietnamese fish sauce;toasted sesame oil;canola oil;minced garlic;white sugar;cold water"             
	}, 
	{
		"title": "pho",              
		"rating": 3.375,             
		"kcal": 1100,             
		"chol": 54.7,             
		"fat": 46.8,                 
		"protein": 3.6,              
		"fiber": 107.7,             
		"sodium": 1938,             
		"time": 270,             
		"ning": 11,             
		"ings": "bone-in beef shank;onion;fresh ginger root;star anise, whole;salt;fish sauce;dried rice noodles;cooked beef sirloin, thinly sliced;green onions, chopped;fresh bean sprouts;cilantro",             
		"full_ings": "4 pounds|bone-in beef shank;1|onion;5 slices|fresh ginger root;1 pod|star anise whole;1 teaspoon|salt;2 1/2 tablespoons|fish sauce;1 8 ounce package|dried rice noodles;1/2 pound|cooked beef sirloin thinly sliced;3|green onions chopped;1 1/2 cups|fresh bean sprouts;6 sprigs|cilantro",             
		"props": "0.7406;0.0019;0.0145;0.0116;0.0926;0.1389",             
		"names": "bone-in beef shank;salt;fish sauce;dried rice noodles;cooked beef sirloin thinly sliced;fresh bean sprouts"             
	}, 
	{
		"title": "pickled-daikon-radish-and-carrot",              
		"rating": 4.6,             
		"kcal": 74,             
		"chol": 18.3,             
		"fat": 0.1,                 
		"protein": 1.9,              
		"fiber": 0.9,             
		"sodium": 28,             
		"time": 0,             
		"ning": 6,             
		"ings": "distilled white vinegar;white sugar;carrot, peeled and cut into matchsticks;daikon radish, peeled and cut into matchsticks;chopped fresh cilantro;Thai chile pepper, seeded and chopped",             
		"full_ings": "1/2 cup|distilled white vinegar;1/4 cup|white sugar;1 small|carrot peeled and cut into matchsticks;1|daikon radish peeled and cut into matchsticks;2 tablespoons|chopped fresh cilantro;1|Thai chile pepper seeded and chopped",             
		"props": "0.5714;0.2857;0.1429",             
		"names": "distilled white vinegar;white sugar;chopped fresh cilantro"             
	}, 
	{
		"title": "stir-fry-spicy-green-beans",              
		"rating": 3.727273,             
		"kcal": 64,             
		"chol": 12.4,             
		"fat": 0.8,                 
		"protein": 4.6,              
		"fiber": 4.1,             
		"sodium": 1829,             
		"time": 15,             
		"ning": 9,             
		"ings": "vegetable oil;yellow onion, chopped;minced garlic;fresh green beans, trimmed and halved;soy sauce;nuoc mam (Vietnamese fish sauce);water;tomato, diced;salt and pepper to taste",             
		"full_ings": "1/2 teaspoon|vegetable oil;1/2|yellow onion chopped;1 teaspoon|minced garlic;1 pound|fresh green beans trimmed and halved;1/4 cup|soy sauce;3 tablespoons|nuoc mam Vietnamese fish sauce;1/4 cup|water;1 medium|tomato diced;|salt and pepper to taste",             
		"props": "0.0038;0.0077;0.7356;0.0920;0.0690;0.0920",             
		"names": "vegetable oil;minced garlic;fresh green beans trimmed and halved;soy sauce;nuoc mam Vietnamese fish sauce;water"             
	}, 
	{
		"title": "thai-chicken-spring-rolls",              
		"rating": 4.190476,             
		"kcal": 595,             
		"chol": 40.5,             
		"fat": 30.5,                 
		"protein": 8,              
		"fiber": 46.9,             
		"sodium": 647,             
		"time": 5,             
		"ning": 16,             
		"ings": "peanut sauce;fresh ginger root, minced;garlic, minced;soy sauce;skinless, boneless chicken breast halves - cut into 1 inch pieces;peanut oil;fresh snow pea pods;bean sprouts;green onion, chopped;watercress, chopped;chopped fresh cilantro;carrots, peeled;peanut oil;soy sauce;spring roll wrappers;peanut sauce",             
		"full_ings": "1 cup|peanut sauce;1 1 1/2 inch piece|fresh ginger root minced;2 cloves|garlic minced;1 teaspoon|soy sauce;1 pound|skinless boneless chicken breast halves - cut into 1 inch pieces;1 teaspoon|peanut oil;6 ounces|fresh snow pea pods;12 ounces|bean sprouts;4|green onion chopped;1 pound|watercress chopped;1/4 cup|chopped fresh cilantro;2 large|carrots peeled;1 teaspoon|peanut oil;1 teaspoon|soy sauce;12|spring roll wrappers;1/2 cup|peanut sauce",             
		"props": "0.1237;0.0026;0.2474;0.0026;0.0928;0.1856;0.2474;0.0309;0.0026;0.0026;0.0619",             
		"names": "peanut sauce;soy sauce;skinless boneless chicken breast halves - cut into 1 inch pieces;peanut oil;fresh snow pea pods;bean sprouts;watercress chopped;chopped fresh cilantro;peanut oil;soy sauce;peanut sauce"             
	}, 
	{
		"title": "thit-bo-xao-dau",              
		"rating": 4.186916,             
		"kcal": 375,             
		"chol": 6.2,             
		"fat": 28.6,                 
		"protein": 2.2,              
		"fiber": 23,             
		"sodium": 139,             
		"time": 20,             
		"ning": 10,             
		"ings": "garlic, minced;ground black pepper;cornstarch;vegetable oil;sirloin tips, thinly sliced;vegetable oil;onion, thinly sliced;fresh green beans, washed and trimmed;chicken broth;soy sauce",             
		"full_ings": "1 clove|garlic minced;1/4 teaspoon|ground black pepper;1 teaspoon|cornstarch;1 teaspoon|vegetable oil;1 pound|sirloin tips thinly sliced;3 tablespoons|vegetable oil;1/2|onion thinly sliced;2 cups|fresh green beans washed and trimmed;1/4 cup|chicken broth;1 teaspoon|soy sauce",             
		"props": "0.0012;0.0046;0.0046;0.4439;0.0416;0.4439;0.0555;0.0046",             
		"names": "ground black pepper;cornstarch;vegetable oil;sirloin tips thinly sliced;vegetable oil;fresh green beans washed and trimmed;chicken broth;soy sauce"             
	}, 
	{
		"title": "vermicelli-noodle-bowl",              
		"rating": 4.565217,             
		"kcal": 659,             
		"chol": 112.3,             
		"fat": 12.8,                 
		"protein": 8.6,              
		"fiber": 26.2,             
		"sodium": 2565,             
		"time": 25,             
		"ning": 20,             
		"ings": "white vinegar;fish sauce;white sugar;lime juice;garlic, minced;red pepper flakes;canola oil;chopped shallots;skewers;medium shrimp, with shells;rice vermicelli noodles;finely chopped lettuce;bean sprouts;English cucumber, cut into 2-inch matchsticks;finely chopped pickled carrots;finely chopped diakon radish;chopped cilantro;finely chopped Thai basil;chopped fresh mint;crushed peanuts",             
		"full_ings": "1/4 cup|white vinegar;1/4 cup|fish sauce;2 tablespoons|white sugar;2 tablespoons|lime juice;1 clove|garlic minced;1/4 teaspoon|red pepper flakes;1/2 teaspoon|canola oil;2 tablespoons|chopped shallots;2|skewers;8|medium shrimp with shells;1 8 ounce package|rice vermicelli noodles;1 cup|finely chopped lettuce;1 cup|bean sprouts;1|English cucumber cut into 2-inch matchsticks;1/4 cup|finely chopped pickled carrots;1/4 cup|finely chopped diakon radish;3 tablespoons|chopped cilantro;3 tablespoons|finely chopped Thai basil;3 tablespoons|chopped fresh mint;1/4 cup|crushed peanuts",             
		"props": "0.0578;0.0578;0.0289;0.0289;0.0012;0.0024;0.0289;0.0289;0.2310;0.2310;0.0578;0.0578;0.0433;0.0433;0.0433;0.0578",             
		"names": "white vinegar;fish sauce;white sugar;lime juice;red pepper flakes;canola oil;chopped shallots;rice vermicelli noodles;finely chopped lettuce;bean sprouts;finely chopped pickled carrots;finely chopped diakon radish;chopped cilantro;finely chopped Thai basil;chopped fresh mint;crushed peanuts"             
	}, 
	{
		"title": "vietnamese-aromatic-lamb-chops",              
		"rating": 4.569231,             
		"kcal": 555,             
		"chol": 7.4,             
		"fat": 40.4,                 
		"protein": 0.6,              
		"fiber": 38.6,             
		"sodium": 301,             
		"time": 20,             
		"ning": 12,             
		"ings": "lamb loin chops (1-inch  thick);garlic, sliced;garlic powder, or to taste;chili powder;white sugar;freshly ground black pepper to taste;fresh lime juice;soy sauce;olive oil;chopped fresh cilantro;lime wedges;lemon wedges",             
		"full_ings": "15 3 ounce|lamb loin chops 1-inch thick;2 cloves|garlic sliced;1 teaspoon|garlic powder or to taste;1 pinch|chili powder;2 tablespoons|white sugar;|freshly ground black pepper to taste;1 tablespoon|fresh lime juice;1 tablespoon|soy sauce;2 tablespoons|olive oil;1/4 cup|chopped fresh cilantro;2|lime wedges;2|lemon wedges",             
		"props": "0.7431;0.0083;0.0010;0.0495;0.0248;0.0248;0.0495;0.0991",             
		"names": "lamb loin chops 1-inch thick;garlic powder or to taste;chili powder;white sugar;fresh lime juice;soy sauce;olive oil;chopped fresh cilantro"             
	}, 
	{
		"title": "vietnamese-beef-and-lettuce-curry",              
		"rating": 3.833333,             
		"kcal": 529,             
		"chol": 56.9,             
		"fat": 21,                 
		"protein": 4,              
		"fiber": 26.3,             
		"sodium": 1481,             
		"time": 45,             
		"ning": 14,             
		"ings": "uncooked long grain white rice;water;white sugar;garlic, minced;fish sauce;water;chile sauce;lemon, juiced;vegetable oil;garlic, minced;ground beef;ground cumin;canned diced tomatoes;lettuce leaves, torn into 1/2 inch wide strips",             
		"full_ings": "1 cup|uncooked long grain white rice;2 cups|water;5 teaspoons|white sugar;1 clove|garlic minced;1/4 cup|fish sauce;5 tablespoons|water;1 1/2 tablespoons|chile sauce;1|lemon juiced;2 tablespoons|vegetable oil;3 cloves|garlic minced;1 pound|ground beef;1 tablespoon|ground cumin;1 28 ounce can|canned diced tomatoes;2 cups|lettuce leaves torn into 1/2 inch wide strips",             
		"props": "0.1239;0.2477;0.0129;0.0310;0.0387;0.0116;0.0155;0.2477;0.0077;0.0155;0.2477",             
		"names": "uncooked long grain white rice;water;white sugar;fish sauce;water;chile sauce;vegetable oil;ground beef;ground cumin;canned diced tomatoes;lettuce leaves torn into 1/2 inch wide strips"             
	}, 
	{
		"title": "vietnamese-beef-noodle-soup",              
		"rating": 2.777778,             
		"kcal": 258,             
		"chol": 30.9,             
		"fat": 5.8,                 
		"protein": 2.2,              
		"fiber": 20.9,             
		"sodium": 2160,             
		"time": 15,             
		"ning": 14,             
		"ings": "dried rice noodles;cold water;condensed beef broth;chopped fresh ginger root;kosher salt;Thai chile, chopped;boneless top round steak, sliced very thin;fresh basil;snipped fresh cilantro;mung bean sprouts;green onions, thinly sliced;lime;hot pepper sauce;oyster sauce",             
		"full_ings": "4 ounces|dried rice noodles;6 cups|cold water;3 10.5 ounce cans|condensed beef broth;1 teaspoon|chopped fresh ginger root;1/2 teaspoon|kosher salt;1|Thai chile chopped;1/2 pound|boneless top round steak sliced very thin;1/4 pound|fresh basil;4 tablespoons|snipped fresh cilantro;1/4 pound|mung bean sprouts;4|green onions thinly sliced;4 wedges|lime;|hot pepper sauce;|oyster sauce",             
		"props": "0.0546;0.6553;0.0410;0.0023;0.0011;0.1092;0.0546;0.0273;0.0546",             
		"names": "dried rice noodles;cold water;condensed beef broth;chopped fresh ginger root;kosher salt;boneless top round steak sliced very thin;fresh basil;snipped fresh cilantro;mung bean sprouts"             
	}, 
	{
		"title": "vietnamese-beef-pho",              
		"rating": 4.054794,             
		"kcal": 528,             
		"chol": 73.1,             
		"fat": 13.6,                 
		"protein": 3.9,              
		"fiber": 27.1,             
		"sodium": 2844,             
		"time": 80,             
		"ning": 17,             
		"ings": "beef broth;onion, sliced into rings;fresh ginger root;lemon grass;cinnamon stick;whole black peppercorns;sirloin tip, cut into thin slices;bean sprouts;fresh basil leaves;fresh mint leaves;loosely packed cilantro leaves;fresh jalapeno peppers, sliced into rings;limes, cut into wedges;dried rice noodles;hoisin sauce;hot pepper sauce;fish sauce",             
		"full_ings": "4 quarts|beef broth;1 large|onion sliced into rings;6 slices|fresh ginger root;1|lemon grass;1|cinnamon stick;1 teaspoon|whole black peppercorns;1 pound|sirloin tip cut into thin slices;1/2 pound|bean sprouts;1 cup|fresh basil leaves;1 cup|fresh mint leaves;1 cup|loosely packed cilantro leaves;3|fresh jalapeno peppers sliced into rings;2|limes cut into wedges;2 8 ounce packages|dried rice noodles;1/2 tablespoon|hoisin sauce;1 dash|hot pepper sauce;3 tablespoons|fish sauce",             
		"props": "0.7114;0.0009;0.0889;0.0445;0.0445;0.0445;0.0445;0.0111;0.0014;0.0001;0.0083",             
		"names": "beef broth;whole black peppercorns;sirloin tip cut into thin slices;bean sprouts;fresh basil leaves;fresh mint leaves;loosely packed cilantro leaves;dried rice noodles;hoisin sauce;hot pepper sauce;fish sauce"             
	}, 
	{
		"title": "vietnamese-caramelized-pork",              
		"rating": 3.428571,             
		"kcal": 657,             
		"chol": 56.8,             
		"fat": 34.7,                 
		"protein": 0.7,              
		"fiber": 29.9,             
		"sodium": 195,             
		"time": 20,             
		"ning": 11,             
		"ings": "vegetable oil;white sugar;pork spareribs, cut into 1-inch pieces;green onions, cut in 2-inch lengths;green chile pepper, chopped;ground black pepper;shallots, finely chopped;garlic, minced;salt to taste;Asian (toasted) sesame oil;green onion, thinly sliced and separated into rings",             
		"full_ings": "1 tablespoon|vegetable oil;1 cup|white sugar;2 pounds|pork spareribs cut into 1-inch pieces;2|green onions cut in 2-inch lengths;1|green chile pepper chopped;1 teaspoon|ground black pepper;2|shallots finely chopped;2 cloves|garlic minced;|salt to taste;1 teaspoon|Asian toasted sesame oil;1 tablespoon|green onion thinly sliced and separated into rings",             
		"props": "0.0121;0.1935;0.7742;0.0040;0.0040;0.0121",             
		"names": "vegetable oil;white sugar;pork spareribs cut into 1-inch pieces;ground black pepper;Asian toasted sesame oil;green onion thinly sliced and separated into rings"             
	}, 
	{
		"title": "vietnamese-chicken-and-long-grain-rice-congee",              
		"rating": 4.380952,             
		"kcal": 642,             
		"chol": 9.8,             
		"fat": 42.3,                 
		"protein": 1,              
		"fiber": 53,             
		"sodium": 1943,             
		"time": 120,             
		"ning": 9,             
		"ings": "uncooked jasmine rice;whole chicken;fresh ginger root;lemon grass, chopped;salt, or to taste;chopped cilantro;chopped fresh chives;ground black pepper to taste;lime, cut into 8 wedges",             
		"full_ings": "1/8 cup|uncooked jasmine rice;1 2.5 pound|whole chicken;3 2 inch pieces|fresh ginger root;1 stalk|lemon grass chopped;1 tablespoon|salt or to taste;1/4 cup|chopped cilantro;1/8 cup|chopped fresh chives;|ground black pepper to taste;1|lime cut into 8 wedges",             
		"props": "0.0488;0.7805;0.0244;0.0976;0.0488",             
		"names": "uncooked jasmine rice;whole chicken;salt or to taste;chopped cilantro;chopped fresh chives"             
	}, 
	{
		"title": "vietnamese-chicken-cabbage-salad",              
		"rating": 3.833333,             
		"kcal": 231,             
		"chol": 15.5,             
		"fat": 12.7,                 
		"protein": 5.6,              
		"fiber": 15.7,             
		"sodium": 131,             
		"time": 0,             
		"ning": 6,             
		"ings": "cabbage, cored and shredded;onions, halved and thinly sliced;shredded, cooked chicken breast;olive oil;salt and pepper to taste;lemon juice, or to taste",             
		"full_ings": "1 head|cabbage cored and shredded;2|onions halved and thinly sliced;2 cups|shredded cooked chicken breast;1/4 cup|olive oil;|salt and pepper to taste;3 tablespoons|lemon juice or to taste",             
		"props": "0.8205;0.1026;0.0769",             
		"names": "shredded cooked chicken breast;olive oil;lemon juice or to taste"             
	}, 
	{
		"title": "vietnamese-chicken-salad-2",              
		"rating": 4.416667,             
		"kcal": 303,             
		"chol": 19.3,             
		"fat": 17.9,                 
		"protein": 5.7,              
		"fiber": 19.2,             
		"sodium": 991,             
		"time": 0,             
		"ning": 15,             
		"ings": "finely chopped green chile peppers;rice vinegar;fresh lime juice;Asian fish sauce;garlic, minced;white sugar;Asian (toasted) sesame oil;vegetable oil;black pepper;cooked skinless boneless chicken breast halves, shredded;cabbage, cored and thinly sliced;carrot, cut into matchsticks;onion, finely chopped;finely chopped dry roasted peanuts;chopped fresh cilantro",             
		"full_ings": "1 tablespoon|finely chopped green chile peppers;1 tablespoon|rice vinegar;2 tablespoons|fresh lime juice;3 tablespoons|Asian fish sauce;3 cloves|garlic minced;1 tablespoon|white sugar;1 tablespoon|Asian toasted sesame oil;2 tablespoons|vegetable oil;1 teaspoon|black pepper;2|cooked skinless boneless chicken breast halves shredded;1/2 head|cabbage cored and thinly sliced;1|carrot cut into matchsticks;1/3|onion finely chopped;1/3 cup|finely chopped dry roasted peanuts;1/3 cup|chopped fresh cilantro",             
		"props": "0.0455;0.0455;0.0910;0.1364;0.0455;0.0455;0.0910;0.0152;0.2423;0.2423",             
		"names": "finely chopped green chile peppers;rice vinegar;fresh lime juice;Asian fish sauce;white sugar;Asian toasted sesame oil;vegetable oil;black pepper;finely chopped dry roasted peanuts;chopped fresh cilantro"             
	}, 
	{
		"title": "vietnamese-dipping-sauce",              
		"rating": 3.6,             
		"kcal": 30,             
		"chol": 6.9,             
		"fat": 0,                 
		"protein": 0,              
		"fiber": 0.7,             
		"sodium": 1094,             
		"time": 0,             
		"ning": 6,             
		"ings": "fish sauce;rice vinegar;water;white sugar;garlic powder;dried red chile pepper, seeded and thinly sliced",             
		"full_ings": "1 cup|fish sauce;3/4 cup|rice vinegar;3 tablespoons|water;1/2 cup|white sugar;1/2 teaspoon|garlic powder;1|dried red chile pepper seeded and thinly sliced",             
		"props": "0.4085;0.3064;0.0766;0.2043;0.0043",             
		"names": "fish sauce;rice vinegar;water;white sugar;garlic powder"             
	}, 
	{
		"title": "vietnamese-fresh-spring-rolls",              
		"rating": 4.654462,             
		"kcal": 82,             
		"chol": 15.8,             
		"fat": 0.7,                 
		"protein": 0.6,              
		"fiber": 3.3,             
		"sodium": 305,             
		"time": 5,             
		"ning": 15,             
		"ings": "rice vermicelli;rice wrappers (8.5 inch diameter);cooked shrimp - peeled, deveined and cut in half;chopped fresh Thai basil;chopped fresh mint leaves;chopped fresh cilantro;lettuce, chopped;fish sauce;water;fresh lime juice;garlic, minced;white sugar;garlic chili sauce;hoisin sauce;finely chopped peanuts",             
		"full_ings": "2 ounces|rice vermicelli;8|rice wrappers 8.5 inch diameter;8 large|cooked shrimp - peeled deveined and cut in half;1 1/3 tablespoons|chopped fresh Thai basil;3 tablespoons|chopped fresh mint leaves;3 tablespoons|chopped fresh cilantro;2 leaves|lettuce chopped;4 teaspoons|fish sauce;1/4 cup|water;2 tablespoons|fresh lime juice;1 clove|garlic minced;2 tablespoons|white sugar;1/2 teaspoon|garlic chili sauce;3 tablespoons|hoisin sauce;1 teaspoon|finely chopped peanuts",             
		"props": "0.1655;0.0552;0.1241;0.1241;0.0552;0.1655;0.0828;0.0828;0.0069;0.1241;0.0138",             
		"names": "rice vermicelli;chopped fresh Thai basil;chopped fresh mint leaves;chopped fresh cilantro;fish sauce;water;fresh lime juice;white sugar;garlic chili sauce;hoisin sauce;finely chopped peanuts"             
	}, 
	{
		"title": "vietnamese-golden-chicken-wings",              
		"rating": 3.827586,             
		"kcal": 716,             
		"chol": 9.1,             
		"fat": 50.9,                 
		"protein": 0.8,              
		"fiber": 53,             
		"sodium": 2781,             
		"time": 30,             
		"ning": 11,             
		"ings": "chicken wings, tips removed and wings cut in half at joint;cloves garlic, peeled and coarsely chopped;onion, cut into chunks;soy sauce;Asian fish sauce;fresh lemon juice;sesame oil;salt;freshly ground black pepper;garlic powder;white sugar",             
		"full_ings": "12|chicken wings tips removed and wings cut in half at joint;2 cloves|cloves garlic peeled and coarsely chopped;1/2|onion cut into chunks;1/4 cup|soy sauce;1/4 cup|Asian fish sauce;2 tablespoons|fresh lemon juice;2 tablespoons|sesame oil;1 teaspoon|salt;1 teaspoon|freshly ground black pepper;1 tablespoon|garlic powder;1 tablespoon|white sugar",             
		"props": "0.2727;0.2727;0.1364;0.1364;0.0227;0.0227;0.0682;0.0682",             
		"names": "soy sauce;Asian fish sauce;fresh lemon juice;sesame oil;salt;freshly ground black pepper;garlic powder;white sugar"             
	}, 
	{
		"title": "vietnamese-iced-coffee",              
		"rating": 4.605634,             
		"kcal": 129,             
		"chol": 22,             
		"fat": 3.3,                 
		"protein": 0,              
		"fiber": 3.3,             
		"sodium": 64,             
		"time": 5,             
		"ning": 4,             
		"ings": "water;dark roast ground coffee beans;sweetened condensed milk;ice cubes",             
		"full_ings": "4 cups|water;1/2 cup|dark roast ground coffee beans;1/2 cup|sweetened condensed milk;16|ice cubes",             
		"props": "0.8000;0.1000;0.1000",             
		"names": "water;dark roast ground coffee beans;sweetened condensed milk"             
	}, 
	{
		"title": "vietnamese-lemon-grass-chicken-curry",              
		"rating": 4,             
		"kcal": 813,             
		"chol": 4.6,             
		"fat": 58.4,                 
		"protein": 0.8,              
		"fiber": 63.8,             
		"sodium": 515,             
		"time": 25,             
		"ning": 8,             
		"ings": "vegetable oil;lemon grass, minced;whole chicken, cut into pieces;water;fish sauce;curry powder;cornstarch;chopped cilantro",             
		"full_ings": "2 tablespoons|vegetable oil;1|lemon grass minced;1 3 pound|whole chicken cut into pieces;2/3 cup|water;1 tablespoon|fish sauce;1 1/2 tablespoons|curry powder;1 tablespoon|cornstarch;1 tablespoon|chopped cilantro",             
		"props": "0.0407;0.6510;0.2168;0.0203;0.0305;0.0203;0.0203",             
		"names": "vegetable oil;whole chicken cut into pieces;water;fish sauce;curry powder;cornstarch;chopped cilantro"             
	}, 
	{
		"title": "vietnamese-meatballs",              
		"rating": 3.588235,             
		"kcal": 184,             
		"chol": 4.1,             
		"fat": 5.9,                 
		"protein": 0.1,              
		"fiber": 26.5,             
		"sodium": 561,             
		"time": 35,             
		"ning": 11,             
		"ings": "ground chicken;garlic, minced;egg white;rice wine;soy sauce;Worcestershire sauce;fish sauce;white sugar;salt and white pepper to taste;cornstarch;sesame oil",             
		"full_ings": "1 1/2 pounds|ground chicken;1 clove|garlic minced;1|egg white;1 tablespoon|rice wine;2 tablespoons|soy sauce;1/2 teaspoon|Worcestershire sauce;2 teaspoons|fish sauce;1/2 teaspoon|white sugar;|salt and white pepper to taste;2 tablespoons|cornstarch;1 tablespoon|sesame oil",             
		"props": "0.8727;0.0182;0.0364;0.0030;0.0121;0.0030;0.0364;0.0182",             
		"names": "ground chicken;rice wine;soy sauce;Worcestershire sauce;fish sauce;white sugar;cornstarch;sesame oil"             
	} 
]
